#ifndef KWS_MODEL_H
#define KWS_MODEL_H

#include <stdint.h>

const unsigned char kws_model[] = {
    0x20, 0x00, 0x00, 0x00, 0x54, 0x46, 0x4c, 0x33, 0x00, 0x00, 0x00, 0x00,
    0x14, 0x00, 0x20, 0x00, 0x1c, 0x00, 0x18, 0x00, 0x14, 0x00, 0x10, 0x00,
    0x0c, 0x00, 0x00, 0x00, 0x08, 0x00, 0x04, 0x00, 0x14, 0x00, 0x00, 0x00,
    0x1c, 0x00, 0x00, 0x00, 0x94, 0x00, 0x00, 0x00, 0xec, 0x00, 0x00, 0x00,
    0x88, 0x1a, 0x00, 0x00, 0x98, 0x1a, 0x00, 0x00, 0xd0, 0x4b, 0x00, 0x00,
    0x03, 0x00, 0x00, 0x00, 0x01, 0x00, 0x00, 0x00, 0x10, 0x00, 0x00, 0x00,
    0x00, 0x00, 0x0a, 0x00, 0x10, 0x00, 0x0c, 0x00, 0x08, 0x00, 0x04, 0x00,
    0x0a, 0x00, 0x00, 0x00, 0x0c, 0x00, 0x00, 0x00, 0x1c, 0x00, 0x00, 0x00,
    0x3c, 0x00, 0x00, 0x00, 0x0f, 0x00, 0x00, 0x00, 0x73, 0x65, 0x72, 0x76,
    0x69, 0x6e, 0x67, 0x5f, 0x64, 0x65, 0x66, 0x61, 0x75, 0x6c, 0x74, 0x00,
    0x01, 0x00, 0x00, 0x00, 0x04, 0x00, 0x00, 0x00, 0x94, 0xff, 0xff, 0xff,
    0x1a, 0x00, 0x00, 0x00, 0x04, 0x00, 0x00, 0x00, 0x08, 0x00, 0x00, 0x00,
    0x6f, 0x75, 0x74, 0x70, 0x75, 0x74, 0x5f, 0x30, 0x00, 0x00, 0x00, 0x00,
    0x01, 0x00, 0x00, 0x00, 0x04, 0x00, 0x00, 0x00, 0x52, 0xe5, 0xff, 0xff,
    0x04, 0x00, 0x00, 0x00, 0x0b, 0x00, 0x00, 0x00, 0x69, 0x6e, 0x70, 0x75,
    0x74, 0x5f, 0x6c, 0x61, 0x79, 0x65, 0x72, 0x00, 0x02, 0x00, 0x00, 0x00,
    0x34, 0x00, 0x00, 0x00, 0x04, 0x00, 0x00, 0x00, 0xdc, 0xff, 0xff, 0xff,
    0x1d, 0x00, 0x00, 0x00, 0x04, 0x00, 0x00, 0x00, 0x13, 0x00, 0x00, 0x00,
    0x43, 0x4f, 0x4e, 0x56, 0x45, 0x52, 0x53, 0x49, 0x4f, 0x4e, 0x5f, 0x4d,
    0x45, 0x54, 0x41, 0x44, 0x41, 0x54, 0x41, 0x00, 0x08, 0x00, 0x0c, 0x00,
    0x08, 0x00, 0x04, 0x00, 0x08, 0x00, 0x00, 0x00, 0x1c, 0x00, 0x00, 0x00,
    0x04, 0x00, 0x00, 0x00, 0x13, 0x00, 0x00, 0x00, 0x6d, 0x69, 0x6e, 0x5f,
    0x72, 0x75, 0x6e, 0x74, 0x69, 0x6d, 0x65, 0x5f, 0x76, 0x65, 0x72, 0x73,
    0x69, 0x6f, 0x6e, 0x00, 0x1e, 0x00, 0x00, 0x00, 0x98, 0x19, 0x00, 0x00,
    0x90, 0x19, 0x00, 0x00, 0x78, 0x19, 0x00, 0x00, 0x5c, 0x19, 0x00, 0x00,
    0xec, 0x18, 0x00, 0x00, 0x5c, 0x18, 0x00, 0x00, 0x4c, 0x10, 0x00, 0x00,
    0x3c, 0x0f, 0x00, 0x00, 0x2c, 0x07, 0x00, 0x00, 0x9c, 0x06, 0x00, 0x00,
    0x6c, 0x05, 0x00, 0x00, 0xdc, 0x04, 0x00, 0x00, 0xcc, 0x02, 0x00, 0x00,
    0x7c, 0x02, 0x00, 0x00, 0xdc, 0x01, 0x00, 0x00, 0x8c, 0x01, 0x00, 0x00,
    0xec, 0x00, 0x00, 0x00, 0xe4, 0x00, 0x00, 0x00, 0xdc, 0x00, 0x00, 0x00,
    0xd4, 0x00, 0x00, 0x00, 0xcc, 0x00, 0x00, 0x00, 0xc4, 0x00, 0x00, 0x00,
    0xbc, 0x00, 0x00, 0x00, 0xb4, 0x00, 0x00, 0x00, 0xac, 0x00, 0x00, 0x00,
    0xa4, 0x00, 0x00, 0x00, 0x9c, 0x00, 0x00, 0x00, 0x94, 0x00, 0x00, 0x00,
    0x74, 0x00, 0x00, 0x00, 0x04, 0x00, 0x00, 0x00, 0x42, 0xe6, 0xff, 0xff,
    0x04, 0x00, 0x00, 0x00, 0x60, 0x00, 0x00, 0x00, 0x0c, 0x00, 0x00, 0x00,
    0x08, 0x00, 0x0e, 0x00, 0x08, 0x00, 0x04, 0x00, 0x08, 0x00, 0x00, 0x00,
    0x10, 0x00, 0x00, 0x00, 0x28, 0x00, 0x00, 0x00, 0x00, 0x00, 0x06, 0x00,
    0x08, 0x00, 0x04, 0x00, 0x06, 0x00, 0x00, 0x00, 0x04, 0x00, 0x00, 0x00,
    0x01, 0x00, 0x00, 0x00, 0xeb, 0x03, 0x00, 0x00, 0x0c, 0x00, 0x18, 0x00,
    0x14, 0x00, 0x10, 0x00, 0x0c, 0x00, 0x04, 0x00, 0x0c, 0x00, 0x00, 0x00,
    0x20, 0x5c, 0x2b, 0x4f, 0xba, 0xb3, 0xa6, 0xb4, 0x02, 0x00, 0x00, 0x00,
    0x02, 0x00, 0x00, 0x00, 0x04, 0x00, 0x00, 0x00, 0x06, 0x00, 0x00, 0x00,
    0x32, 0x2e, 0x32, 0x31, 0x2e, 0x30, 0x00, 0x00, 0xae, 0xe6, 0xff, 0xff,
    0x04, 0x00, 0x00, 0x00, 0x10, 0x00, 0x00, 0x00, 0x31, 0x2e, 0x31, 0x34,
    0x2e, 0x30, 0x00, 0x00, 0x00, 0x00, 0x00, 0x00, 0x00, 0x00, 0x00, 0x00,
    0x18, 0xb7, 0xff, 0xff, 0x1c, 0xb7, 0xff, 0xff, 0x20, 0xb7, 0xff, 0xff,
    0x24, 0xb7, 0xff, 0xff, 0x28, 0xb7, 0xff, 0xff, 0x2c, 0xb7, 0xff, 0xff,
    0x30, 0xb7, 0xff, 0xff, 0x34, 0xb7, 0xff, 0xff, 0x38, 0xb7, 0xff, 0xff,
    0x3c, 0xb7, 0xff, 0xff, 0x40, 0xb7, 0xff, 0xff, 0xf6, 0xe6, 0xff, 0xff,
    0x04, 0x00, 0x00, 0x00, 0x90, 0x00, 0x00, 0x00, 0x9f, 0x8e, 0xbb, 0xd4,
    0x12, 0xe8, 0x5a, 0x81, 0x37, 0x37, 0x00, 0x6c, 0x54, 0xa9, 0x3f, 0x7f,
    0xed, 0x62, 0x7f, 0x26, 0x1d, 0x48, 0xcf, 0xe3, 0x22, 0xd7, 0x55, 0xc9,
    0xe8, 0xbf, 0x04, 0x7f, 0x36, 0xdc, 0x4c, 0xfc, 0x19, 0x91, 0xf9, 0xe0,
    0x81, 0xe8, 0xa5, 0xb1, 0x33, 0x58, 0x49, 0x93, 0x9b, 0x66, 0xc0, 0x7f,
    0x3a, 0x92, 0x36, 0x10, 0x4a, 0x2c, 0x24, 0x7a, 0xe5, 0x04, 0x7f, 0x1f,
    0x81, 0xfe, 0x78, 0x9c, 0xae, 0xac, 0xc9, 0xf6, 0x2e, 0x7a, 0x71, 0xb9,
    0x1f, 0xf0, 0xcf, 0x0b, 0x81, 0x12, 0xbf, 0x28, 0xc8, 0x5b, 0x7f, 0x2d,
    0x73, 0xd6, 0x81, 0xab, 0x39, 0x66, 0x49, 0xec, 0x2b, 0xfb, 0xf7, 0x81,
    0x20, 0x01, 0xd6, 0x82, 0xb0, 0xb0, 0xc2, 0xe1, 0x81, 0x34, 0xed, 0xd8,
    0xa1, 0xe0, 0x0d, 0xe6, 0xc5, 0x1f, 0x01, 0x7f, 0x56, 0x60, 0xd9, 0xe0,
    0xb2, 0x56, 0x93, 0x1f, 0x75, 0x7f, 0x1a, 0x6b, 0x4b, 0x93, 0x92, 0x81,
    0x08, 0x19, 0xb6, 0x15, 0xb5, 0x0b, 0x10, 0xcf, 0x92, 0xe7, 0xff, 0xff,
    0x04, 0x00, 0x00, 0x00, 0x40, 0x00, 0x00, 0x00, 0xa6, 0x00, 0x00, 0x00,
    0xfc, 0xff, 0xff, 0xff, 0xc5, 0xff, 0xff, 0xff, 0x75, 0x00, 0x00, 0x00,
    0x37, 0x00, 0x00, 0x00, 0xb1, 0xff, 0xff, 0xff, 0xbf, 0x00, 0x00, 0x00,
    0x24, 0x01, 0x00, 0x00, 0x1b, 0x00, 0x00, 0x00, 0xff, 0xff, 0xff, 0xff,
    0x73, 0xff, 0xff, 0xff, 0x57, 0x00, 0x00, 0x00, 0x31, 0x01, 0x00, 0x00,
    0x33, 0x01, 0x00, 0x00, 0x6f, 0xff, 0xff, 0xff, 0x7c, 0x00, 0x00, 0x00,
    0xde, 0xe7, 0xff, 0xff, 0x04, 0x00, 0x00, 0x00, 0x90, 0x00, 0x00, 0x00,
    0x1b, 0x68, 0x81, 0xe4, 0xdb, 0x46, 0xf0, 0x47, 0x4d, 0xec, 0x91, 0x60,
    0xbb, 0x76, 0xb1, 0xb6, 0x11, 0xf0, 0xd0, 0x15, 0xe0, 0xdd, 0xa7, 0xb1,
    0xf3, 0x58, 0x34, 0x6f, 0xf8, 0xfd, 0xd7, 0xfd, 0x27, 0x30, 0x89, 0x7f,
    0x81, 0xc8, 0xe9, 0x72, 0xb9, 0xce, 0x89, 0xf6, 0x0d, 0x06, 0xe5, 0x81,
    0x25, 0xe0, 0xae, 0x46, 0xba, 0xc7, 0x7f, 0x50, 0x27, 0xea, 0x03, 0x81,
    0x0c, 0x81, 0x81, 0xe3, 0xdc, 0xad, 0x47, 0xd1, 0xc3, 0x81, 0xc6, 0x5e,
    0x81, 0xb4, 0x76, 0xb1, 0x73, 0x33, 0x49, 0x6c, 0x47, 0x00, 0x25, 0xa5,
    0x99, 0xda, 0x2d, 0x81, 0xe7, 0x81, 0xb4, 0x06, 0x42, 0x4a, 0x48, 0xfd,
    0x0b, 0x81, 0x44, 0x11, 0xdb, 0xe4, 0xbb, 0xcc, 0x06, 0x9d, 0x2b, 0xfa,
    0xe8, 0x45, 0xf5, 0x5b, 0x92, 0x4b, 0xd2, 0x5e, 0x9f, 0x6c, 0xae, 0x01,
    0x3f, 0x29, 0x81, 0x7a, 0x16, 0xc6, 0xa8, 0x2b, 0x81, 0x0c, 0x23, 0x77,
    0x2b, 0xa0, 0xb5, 0x21, 0xd4, 0x49, 0xa3, 0x9b, 0x7f, 0xfa, 0x6d, 0xe0,
    0x7a, 0xe8, 0xff, 0xff, 0x04, 0x00, 0x00, 0x00, 0x40, 0x00, 0x00, 0x00,
    0xe7, 0x05, 0x00, 0x00, 0xd5, 0x01, 0x00, 0x00, 0x10, 0x0d, 0x00, 0x00,
    0xdf, 0xf0, 0xff, 0xff, 0x30, 0x1d, 0x00, 0x00, 0x1f, 0x13, 0x00, 0x00,
    0x3b, 0x0d, 0x00, 0x00, 0x7c, 0xf7, 0xff, 0xff, 0x1d, 0x07, 0x00, 0x00,
    0x4b, 0x0b, 0x00, 0x00, 0x73, 0x10, 0x00, 0x00, 0x68, 0x00, 0x00, 0x00,
    0x67, 0xf0, 0xff, 0xff, 0x16, 0xf9, 0xff, 0xff, 0xf7, 0x04, 0x00, 0x00,
    0xea, 0xff, 0xff, 0xff, 0xc6, 0xe8, 0xff, 0xff, 0x04, 0x00, 0x00, 0x00,
    0x00, 0x02, 0x00, 0x00, 0x30, 0xa1, 0xd8, 0x03, 0x81, 0x59, 0xdb, 0x81,
    0xaf, 0x12, 0xb5, 0xb4, 0xdc, 0x58, 0x00, 0x3d, 0xa9, 0x04, 0xc6, 0x29,
    0xd8, 0xdc, 0xae, 0x13, 0x0f, 0x9d, 0xa2, 0x90, 0x50, 0x4b, 0x81, 0x2e,
    0x77, 0x54, 0x18, 0xad, 0x8e, 0x1a, 0xd4, 0xa0, 0x53, 0xc4, 0x81, 0xd0,
    0x93, 0x64, 0xc1, 0xc4, 0x31, 0xcd, 0x55, 0x81, 0x62, 0x2b, 0x25, 0x35,
    0x61, 0x2b, 0x93, 0x3a, 0xbb, 0x22, 0x48, 0xd7, 0x2b, 0x5a, 0x1e, 0x31,
    0x07, 0xb5, 0xc6, 0x38, 0xd0, 0x87, 0xed, 0x58, 0xad, 0x38, 0x4e, 0x81,
    0x91, 0xf6, 0x60, 0x2a, 0xd4, 0x27, 0xc4, 0x7f, 0x27, 0xee, 0x9b, 0x4f,
    0xba, 0x48, 0xab, 0x32, 0x75, 0x59, 0xa5, 0xce, 0x20, 0x81, 0x2c, 0x95,
    0x60, 0x19, 0x91, 0x2b, 0xa7, 0x30, 0x43, 0x1a, 0x51, 0xa2, 0x44, 0x05,
    0x30, 0xea, 0x7f, 0x04, 0xbf, 0x58, 0x49, 0xbf, 0xd0, 0x02, 0xe7, 0x51,
    0x94, 0x81, 0x4b, 0x4f, 0xc8, 0x5a, 0x82, 0xe6, 0x68, 0x62, 0x15, 0xf2,
    0xc9, 0x37, 0xb8, 0x9f, 0xc7, 0x92, 0xca, 0x7f, 0x79, 0x07, 0x9a, 0x32,
    0x7b, 0xc3, 0x4a, 0x4b, 0xe8, 0xca, 0x29, 0xd1, 0xfa, 0x57, 0x96, 0x1b,
    0x12, 0xb0, 0x81, 0x49, 0x5b, 0x1c, 0xbe, 0x30, 0x34, 0x84, 0xc6, 0xc1,
    0x0a, 0x4c, 0xb7, 0x5f, 0x23, 0xaa, 0x2e, 0xc0, 0xce, 0xee, 0xf6, 0xd0,
    0x5f, 0x81, 0xe4, 0x12, 0xd3, 0x8e, 0x53, 0x09, 0x91, 0xe9, 0x7f, 0xed,
    0xf1, 0xf1, 0x0e, 0xbf, 0x8f, 0xf5, 0x26, 0x59, 0x2c, 0x9e, 0xf6, 0x22,
    0x6c, 0x0e, 0x7f, 0xa3, 0x4e, 0x4c, 0xdf, 0x99, 0x35, 0xa2, 0x1c, 0x19,
    0x18, 0x29, 0x81, 0xf2, 0x3c, 0x3f, 0xa8, 0x5d, 0x89, 0x45, 0xd0, 0xeb,
    0xbd, 0x18, 0xcd, 0x1b, 0xb3, 0xc9, 0xf0, 0x79, 0x7f, 0x5c, 0x74, 0x2f,
    0xf2, 0x64, 0x77, 0x47, 0x22, 0xdb, 0x41, 0x84, 0xb7, 0xca, 0xf8, 0x2f,
    0xee, 0x98, 0xf2, 0xde, 0xaf, 0xc3, 0x23, 0x7f, 0xaf, 0x01, 0xb0, 0xdc,
    0xc9, 0xea, 0x2f, 0xaa, 0x7d, 0x2a, 0x10, 0xe2, 0xae, 0xfa, 0xab, 0xe9,
    0xa7, 0x2f, 0x81, 0x67, 0x11, 0xfa, 0x41, 0x8c, 0xf4, 0xa3, 0x6e, 0x3f,
    0x4b, 0x25, 0x81, 0xbe, 0x84, 0xc3, 0xac, 0xdc, 0x52, 0x24, 0x88, 0x7f,
    0x81, 0x31, 0x34, 0x93, 0x28, 0x42, 0xfe, 0x23, 0x53, 0x11, 0x9a, 0xa1,
    0x21, 0x38, 0x89, 0xa8, 0xdb, 0xa9, 0x0e, 0x46, 0xea, 0x3b, 0x33, 0xc7,
    0x0f, 0x2e, 0xd1, 0x7f, 0xfe, 0x43, 0xee, 0xa9, 0xf6, 0x7f, 0x01, 0x31,
    0x54, 0xe5, 0xd7, 0xb4, 0xad, 0x2d, 0xb8, 0x4a, 0xcb, 0x1c, 0xc7, 0x59,
    0xb6, 0xcb, 0xd4, 0x3c, 0xd4, 0x53, 0xa5, 0xa3, 0x1d, 0x81, 0xef, 0xe1,
    0xdd, 0x69, 0xea, 0x06, 0x59, 0x65, 0x20, 0x90, 0x6d, 0xef, 0x81, 0x58,
    0x2a, 0x3b, 0xd1, 0x97, 0x81, 0x24, 0x88, 0x70, 0xd2, 0x4e, 0xe0, 0x4b,
    0x98, 0x45, 0xd0, 0xdb, 0x96, 0x41, 0x4e, 0xa2, 0x05, 0x2d, 0xfc, 0x1b,
    0xfd, 0x8b, 0x7a, 0x1f, 0x87, 0x48, 0x19, 0x7f, 0xd4, 0xcd, 0x32, 0xac,
    0x56, 0x31, 0xa7, 0x7f, 0xa8, 0x5d, 0x38, 0x1c, 0x4a, 0xa3, 0x4b, 0xd3,
    0x50, 0xbf, 0x89, 0x7b, 0x21, 0x00, 0xbe, 0x83, 0xfa, 0x89, 0x81, 0xa5,
    0x50, 0xd5, 0xcc, 0xe3, 0x1d, 0x33, 0xae, 0xbb, 0x7e, 0xd1, 0xd2, 0xff,
    0x43, 0x53, 0xca, 0x41, 0x76, 0x37, 0x9f, 0x4e, 0xc8, 0x70, 0xc5, 0x7f,
    0x1b, 0x9a, 0x43, 0xaf, 0x7f, 0x7e, 0xdb, 0x81, 0x79, 0xc9, 0xcc, 0x91,
    0xc9, 0x36, 0x03, 0xc6, 0x55, 0xc8, 0x81, 0x10, 0x61, 0x0c, 0xaa, 0x8d,
    0xac, 0x97, 0x69, 0xdd, 0x4c, 0x72, 0x6f, 0x58, 0x27, 0x60, 0x01, 0x33,
    0x6b, 0x25, 0x36, 0x54, 0x56, 0xb0, 0x7f, 0xa0, 0x21, 0xb3, 0x07, 0xe8,
    0xd2, 0xea, 0xff, 0xff, 0x04, 0x00, 0x00, 0x00, 0x80, 0x00, 0x00, 0x00,
    0x90, 0x0d, 0x00, 0x00, 0xe6, 0x10, 0x00, 0x00, 0xb3, 0x0a, 0x00, 0x00,
    0xd0, 0xf4, 0xff, 0xff, 0x99, 0x02, 0x00, 0x00, 0xb0, 0xfc, 0xff, 0xff,
    0xe4, 0x00, 0x00, 0x00, 0x73, 0xf2, 0xff, 0xff, 0x4b, 0x06, 0x00, 0x00,
    0x99, 0xfb, 0xff, 0xff, 0x37, 0x0d, 0x00, 0x00, 0x07, 0x05, 0x00, 0x00,
    0xfc, 0x02, 0x00, 0x00, 0xda, 0xf6, 0xff, 0xff, 0x16, 0x06, 0x00, 0x00,
    0xd3, 0xe9, 0xff, 0xff, 0x78, 0x10, 0x00, 0x00, 0x77, 0x06, 0x00, 0x00,
    0x65, 0x0a, 0x00, 0x00, 0x75, 0xfe, 0xff, 0xff, 0xe8, 0x01, 0x00, 0x00,
    0xae, 0xfc, 0xff, 0xff, 0x73, 0x11, 0x00, 0x00, 0xb3, 0xf9, 0xff, 0xff,
    0x47, 0x0a, 0x00, 0x00, 0x98, 0xfe, 0xff, 0xff, 0x63, 0xf4, 0xff, 0xff,
    0xf8, 0x15, 0x00, 0x00, 0x37, 0xed, 0xff, 0xff, 0x84, 0x01, 0x00, 0x00,
    0x88, 0xfc, 0xff, 0xff, 0x2c, 0xef, 0xff, 0xff, 0x5e, 0xeb, 0xff, 0xff,
    0x04, 0x00, 0x00, 0x00, 0x20, 0x01, 0x00, 0x00, 0x0e, 0x37, 0x3f, 0xd9,
    0x81, 0xee, 0x54, 0x5b, 0x38, 0x53, 0x5a, 0x7f, 0xf3, 0x41, 0xe3, 0xb2,
    0xc3, 0xc9, 0xfe, 0x39, 0xe1, 0xe7, 0x69, 0x77, 0x7f, 0x0d, 0x12, 0xd6,
    0x72, 0x18, 0x30, 0x50, 0x46, 0x36, 0xf5, 0x87, 0xab, 0x97, 0x0d, 0x6f,
    0x94, 0x7f, 0x49, 0x82, 0x02, 0x7f, 0xb4, 0x23, 0x4f, 0xa5, 0x4e, 0x5d,
    0x4b, 0x4b, 0x08, 0x2c, 0xf6, 0xb8, 0xfa, 0x23, 0x7f, 0x97, 0x0b, 0xae,
    0x18, 0xcf, 0x4b, 0x02, 0x08, 0x92, 0x16, 0x19, 0xef, 0x63, 0x7f, 0x32,
    0xd4, 0xc5, 0x81, 0xb0, 0x0a, 0xf0, 0x7f, 0x4f, 0x2a, 0x7f, 0xac, 0xdf,
    0x54, 0x0e, 0xc9, 0x7f, 0xfc, 0xaf, 0xe1, 0x8c, 0xe0, 0xed, 0x85, 0xa0,
    0xad, 0xb7, 0x88, 0x26, 0x13, 0xdb, 0x01, 0x13, 0x5e, 0xf1, 0x06, 0x0f,
    0xc5, 0x81, 0xd8, 0x5a, 0xc2, 0x14, 0xd2, 0x7f, 0x67, 0x81, 0x23, 0xac,
    0x79, 0x4c, 0xde, 0x82, 0x18, 0x81, 0x22, 0x81, 0xe2, 0xab, 0xdc, 0x7f,
    0xc9, 0xc0, 0x0d, 0x8b, 0x41, 0x6c, 0xb8, 0xe3, 0xaa, 0xbe, 0xdd, 0x7f,
    0x38, 0x0f, 0x39, 0xee, 0x63, 0x8e, 0xb0, 0x4b, 0xed, 0xc6, 0x11, 0xd8,
    0x81, 0xa3, 0xd9, 0x96, 0xe5, 0xe6, 0xd7, 0x5a, 0xf0, 0xca, 0xbf, 0xf6,
    0x2a, 0x34, 0xb7, 0x81, 0xdc, 0xdc, 0xcf, 0x09, 0x52, 0x58, 0x3b, 0x60,
    0x11, 0x18, 0xc0, 0xd6, 0xc4, 0x81, 0x7f, 0x4f, 0xbd, 0xee, 0x10, 0x37,
    0x0f, 0x52, 0xc6, 0x4f, 0xf9, 0x4c, 0x0b, 0xc6, 0x14, 0x74, 0x1e, 0x22,
    0xfe, 0x2a, 0xfa, 0x0e, 0x18, 0x19, 0x37, 0x06, 0x33, 0xbe, 0x7f, 0x04,
    0x42, 0x6c, 0x74, 0xb4, 0xa0, 0x72, 0x2b, 0xcc, 0x38, 0x68, 0x81, 0x4d,
    0xc8, 0x41, 0x09, 0xec, 0x20, 0x2f, 0xe5, 0xaa, 0x0f, 0x50, 0x18, 0xac,
    0xd7, 0x07, 0x16, 0x48, 0xde, 0xb5, 0xc7, 0x10, 0xe1, 0xc8, 0x5a, 0x9f,
    0xfa, 0xfe, 0x81, 0xfb, 0x24, 0x81, 0xaa, 0x8f, 0x7f, 0x1b, 0x11, 0x0d,
    0x81, 0x89, 0x43, 0x84, 0x81, 0xf7, 0xeb, 0x39, 0x7f, 0x30, 0x7f, 0x63,
    0x38, 0xcb, 0x01, 0xce, 0x15, 0x90, 0xd8, 0x81, 0x8a, 0xec, 0xff, 0xff,
    0x04, 0x00, 0x00, 0x00, 0x80, 0x00, 0x00, 0x00, 0x9e, 0x09, 0x00, 0x00,
    0xb5, 0x09, 0x00, 0x00, 0x16, 0x07, 0x00, 0x00, 0x4a, 0x1d, 0x00, 0x00,
    0x21, 0x0e, 0x00, 0x00, 0xcb, 0x15, 0x00, 0x00, 0x72, 0x1a, 0x00, 0x00,
    0xe0, 0xe1, 0xff, 0xff, 0x1c, 0x05, 0x00, 0x00, 0xd7, 0xf1, 0xff, 0xff,
    0xee, 0xf3, 0xff, 0xff, 0x36, 0x0a, 0x00, 0x00, 0x2f, 0xf5, 0xff, 0xff,
    0x4a, 0xef, 0xff, 0xff, 0xb8, 0x0c, 0x00, 0x00, 0xce, 0x1a, 0x00, 0x00,
    0xe2, 0x13, 0x00, 0x00, 0xe6, 0x0f, 0x00, 0x00, 0x07, 0x00, 0x00, 0x00,
    0xf1, 0xe4, 0xff, 0xff, 0xa3, 0xef, 0xff, 0xff, 0x7c, 0xed, 0xff, 0xff,
    0xc8, 0xec, 0xff, 0xff, 0x67, 0xe0, 0xff, 0xff, 0xfd, 0xde, 0xff, 0xff,
    0xc5, 0x21, 0x00, 0x00, 0x46, 0x05, 0x00, 0x00, 0xa6, 0xfe, 0xff, 0xff,
    0xb8, 0xed, 0xff, 0xff, 0xed, 0x0b, 0x00, 0x00, 0xd1, 0xeb, 0xff, 0xff,
    0x52, 0x23, 0x00, 0x00, 0x16, 0xed, 0xff, 0xff, 0x04, 0x00, 0x00, 0x00,
    0x00, 0x08, 0x00, 0x00, 0x02, 0xc6, 0x13, 0x3e, 0xce, 0x0a, 0xf9, 0xd7,
    0xde, 0xec, 0xee, 0xbd, 0x11, 0x17, 0xcb, 0xac, 0xc8, 0x46, 0xb2, 0x38,
    0xee, 0x7f, 0xf2, 0xfa, 0xa9, 0x11, 0x47, 0xd0, 0x48, 0xbb, 0xff, 0xc8,
    0xe4, 0xfb, 0x09, 0x06, 0xaa, 0x53, 0xca, 0xf0, 0xd2, 0x46, 0xb0, 0x37,
    0xc9, 0x9e, 0xcd, 0xbd, 0x81, 0x48, 0xad, 0xec, 0x29, 0x1b, 0xab, 0xe6,
    0xe3, 0x9f, 0xdd, 0x44, 0xb1, 0xc8, 0x33, 0x40, 0x10, 0x2c, 0xbb, 0xc1,
    0x0a, 0x4b, 0xba, 0xc6, 0xd9, 0x86, 0x7b, 0x54, 0x0c, 0xf8, 0x35, 0xfc,
    0x7f, 0x88, 0x8c, 0xff, 0xd4, 0xf0, 0x4a, 0x0b, 0xeb, 0xdf, 0xaa, 0x7c,
    0x00, 0x0a, 0x7a, 0x0a, 0x41, 0xd1, 0x7f, 0xea, 0xb9, 0x34, 0x22, 0xcd,
    0xff, 0x99, 0xba, 0x60, 0x4c, 0x08, 0x9d, 0xf9, 0x7d, 0x23, 0xd5, 0xeb,
    0xd1, 0xc6, 0x35, 0x2a, 0xc6, 0xc5, 0xf2, 0x31, 0xde, 0x3b, 0xed, 0x90,
    0x4e, 0x12, 0x5f, 0x14, 0xc0, 0xaa, 0xd1, 0x1f, 0xe7, 0xb1, 0xde, 0x27,
    0x06, 0xd5, 0x07, 0x20, 0x24, 0x24, 0x18, 0xdc, 0x78, 0x76, 0xc0, 0x11,
    0x34, 0xbd, 0x7f, 0x40, 0x1e, 0x42, 0x08, 0xbe, 0xbf, 0x9f, 0xeb, 0x65,
    0xd0, 0x32, 0x9e, 0xe9, 0x3a, 0xfa, 0x53, 0x04, 0xd0, 0x79, 0x2f, 0xfa,
    0xe4, 0xc7, 0x40, 0x6a, 0x96, 0xdb, 0x3f, 0x5d, 0x7f, 0x01, 0x2e, 0xe8,
    0xb8, 0xbf, 0xad, 0x41, 0x87, 0xcd, 0xa1, 0x01, 0x36, 0x8d, 0x23, 0x7f,
    0x2e, 0x11, 0xcf, 0x37, 0x2a, 0x0f, 0xd3, 0xea, 0xb1, 0x48, 0xff, 0xd3,
    0xfb, 0x67, 0xa4, 0x29, 0xa5, 0x3d, 0xff, 0xc5, 0x34, 0x13, 0x3d, 0xf3,
    0xb1, 0x18, 0xb7, 0x7f, 0x3e, 0x89, 0xe4, 0x5c, 0xd1, 0xeb, 0xdd, 0x4f,
    0x1c, 0x65, 0x0d, 0xc6, 0x24, 0x3c, 0x03, 0x3f, 0xb4, 0xae, 0x22, 0x10,
    0x45, 0x40, 0x5a, 0xf9, 0x13, 0x46, 0x49, 0x25, 0x09, 0xc4, 0xcd, 0x8f,
    0x0e, 0x2b, 0x10, 0x29, 0x4c, 0x0b, 0xd3, 0x34, 0xe0, 0xb3, 0xc4, 0x18,
    0x03, 0x7f, 0x29, 0x0e, 0xd2, 0xb3, 0x32, 0xaf, 0xdc, 0x97, 0x3f, 0x25,
    0xff, 0xe9, 0xcb, 0x28, 0xd6, 0x03, 0xda, 0xb1, 0x49, 0x1e, 0xb1, 0x15,
    0xf9, 0x03, 0x1f, 0xa5, 0xdc, 0xbf, 0xe9, 0x4c, 0xe7, 0x7f, 0x3f, 0xd4,
    0x25, 0x3e, 0xb1, 0xd4, 0x11, 0xd8, 0x51, 0xd3, 0xd4, 0xd5, 0xc1, 0x39,
    0x16, 0xbf, 0xd2, 0xcb, 0x1c, 0x8f, 0x1a, 0x47, 0x58, 0x2b, 0x22, 0x44,
    0xff, 0x4a, 0x81, 0x5a, 0x45, 0xa5, 0xfe, 0x36, 0xa4, 0x0c, 0xb8, 0xeb,
    0x1c, 0xe3, 0x1e, 0xcf, 0x00, 0xfb, 0x34, 0x1a, 0xf0, 0xd7, 0xd5, 0x21,
    0x14, 0x58, 0xa2, 0xd9, 0x49, 0xcf, 0x09, 0x56, 0xcb, 0x27, 0x36, 0x25,
    0xe9, 0x24, 0xfe, 0x81, 0x45, 0x9b, 0xa2, 0x9d, 0x01, 0x32, 0xcb, 0x08,
    0xa4, 0x1b, 0x82, 0x2a, 0x24, 0xb7, 0x2d, 0x0c, 0x3a, 0xe9, 0x08, 0xbb,
    0xe3, 0xc4, 0x23, 0x12, 0x28, 0xef, 0x4c, 0xac, 0x13, 0x2a, 0xad, 0xe2,
    0x55, 0x7f, 0x03, 0x2f, 0xfc, 0x0a, 0x59, 0xc7, 0x4e, 0xcb, 0x30, 0x18,
    0xc8, 0xe3, 0x3e, 0x0e, 0x2f, 0xf9, 0x95, 0x45, 0x17, 0x62, 0x5d, 0x7f,
    0x04, 0xe6, 0x2b, 0xbc, 0x18, 0x07, 0xcd, 0xcd, 0x2d, 0x25, 0xdb, 0xee,
    0xda, 0xdf, 0xea, 0x1d, 0x13, 0x16, 0x11, 0x6c, 0xb0, 0xdb, 0x43, 0x36,
    0xd1, 0xc4, 0xbe, 0x2a, 0x1a, 0x10, 0x59, 0xa9, 0xd2, 0xaa, 0x29, 0xeb,
    0x0d, 0x1a, 0xc4, 0xf8, 0x3e, 0x7f, 0xb9, 0xe0, 0x1d, 0xf1, 0x58, 0x25,
    0x66, 0x11, 0x07, 0x1f, 0xf1, 0x1d, 0x44, 0x31, 0x6c, 0xbc, 0xa3, 0xa0,
    0xf5, 0xb5, 0x5e, 0xfb, 0x4e, 0xce, 0x23, 0x41, 0x67, 0xd7, 0xf5, 0xbb,
    0x09, 0x7f, 0xfa, 0x07, 0x35, 0x23, 0x4e, 0x4a, 0x18, 0xec, 0x11, 0xc3,
    0xac, 0x09, 0x4b, 0xd4, 0x07, 0xc7, 0x02, 0x7c, 0x3a, 0x46, 0xcd, 0xc9,
    0xfb, 0x21, 0x8b, 0x7f, 0xb9, 0x4c, 0xed, 0x36, 0x86, 0x65, 0x3f, 0xae,
    0x63, 0xe7, 0x1d, 0x20, 0x34, 0xc4, 0xd6, 0x97, 0xe8, 0xeb, 0x22, 0xfa,
    0x3c, 0x3e, 0xc1, 0x7f, 0x55, 0x37, 0x4a, 0xd2, 0xfb, 0x0b, 0xed, 0x31,
    0x13, 0x2e, 0x0e, 0x52, 0x31, 0x8b, 0xc9, 0x22, 0x2d, 0x27, 0xd0, 0x19,
    0xed, 0xde, 0x0c, 0x35, 0x48, 0x26, 0xfe, 0x41, 0x4b, 0x81, 0xca, 0xf3,
    0x0f, 0x4f, 0x3f, 0x8f, 0xbb, 0xdd, 0x1f, 0xcd, 0x4f, 0x12, 0x50, 0x38,
    0x20, 0x6a, 0x2b, 0xcc, 0xd5, 0xa1, 0x47, 0x76, 0x3b, 0x1f, 0x56, 0x37,
    0x4e, 0x3d, 0x15, 0x64, 0x18, 0xde, 0x33, 0xbf, 0x8a, 0xa2, 0xeb, 0x3e,
    0xd8, 0x74, 0x17, 0x2c, 0x3d, 0x25, 0x37, 0x26, 0xc8, 0xd8, 0xa1, 0x4e,
    0xd9, 0xaf, 0x18, 0x81, 0x95, 0xe7, 0x44, 0x2a, 0xb8, 0xf6, 0x73, 0xb6,
    0x0b, 0x7a, 0xdf, 0xaf, 0x21, 0x5c, 0x0f, 0xd9, 0x81, 0x3e, 0xed, 0x79,
    0x57, 0xbe, 0xb7, 0x1f, 0x1d, 0xcc, 0xf0, 0x1f, 0x82, 0x53, 0xd2, 0x20,
    0x75, 0x60, 0xa4, 0x8c, 0x9e, 0x46, 0x1d, 0xe4, 0xc2, 0xd7, 0x75, 0x46,
    0x62, 0xaa, 0xbe, 0xbf, 0x38, 0x5d, 0xd4, 0x09, 0xd2, 0xde, 0xed, 0xbd,
    0xdc, 0xcc, 0x00, 0x7c, 0x7d, 0x7f, 0x86, 0xe4, 0x20, 0xde, 0x32, 0x70,
    0xa3, 0x0f, 0xb2, 0x10, 0xa4, 0xef, 0xe0, 0xec, 0x43, 0x6e, 0xcd, 0x2a,
    0x7f, 0x11, 0x9e, 0xe0, 0xa7, 0xbb, 0x45, 0x2c, 0xbe, 0x24, 0xf8, 0x26,
    0xd7, 0x2f, 0x95, 0xb5, 0xed, 0x6c, 0xe9, 0x0d, 0xed, 0x22, 0x19, 0xc6,
    0xd2, 0x6d, 0xb4, 0xef, 0x40, 0x09, 0xfe, 0x08, 0xee, 0xda, 0xc9, 0x27,
    0x20, 0x7f, 0x3f, 0xdb, 0x60, 0xf9, 0x01, 0xf9, 0xce, 0xea, 0x24, 0xfc,
    0x09, 0x02, 0x41, 0x13, 0xc4, 0x12, 0x17, 0xe4, 0x2b, 0x01, 0x2d, 0xcc,
    0x19, 0xe3, 0x12, 0x48, 0x41, 0xe2, 0x22, 0xbb, 0x35, 0x81, 0x12, 0xb5,
    0x06, 0xff, 0xf5, 0x34, 0xca, 0x10, 0x20, 0x10, 0x3a, 0x46, 0xf2, 0xab,
    0x21, 0x27, 0xa1, 0x39, 0x40, 0x46, 0x81, 0x9e, 0x6f, 0xef, 0xb5, 0x07,
    0x99, 0x2f, 0xf1, 0x14, 0x34, 0xbf, 0xed, 0xc0, 0x32, 0xe5, 0xcb, 0x0b,
    0xe6, 0x84, 0x20, 0xdb, 0x31, 0x1b, 0x45, 0xbf, 0x25, 0xaa, 0x1f, 0x98,
    0xba, 0xbf, 0x69, 0x1f, 0x92, 0x3b, 0x81, 0xed, 0xc8, 0xfa, 0xde, 0xe3,
    0xc9, 0xd2, 0x90, 0xc8, 0x78, 0x7b, 0x46, 0xd6, 0xe5, 0x16, 0x65, 0xf6,
    0x36, 0x32, 0x40, 0x5f, 0xaf, 0x74, 0x4e, 0x05, 0x1e, 0xc0, 0x1e, 0xe7,
    0x7f, 0x32, 0xd9, 0x96, 0xd8, 0x92, 0xb0, 0x4e, 0x92, 0xfc, 0xb0, 0x28,
    0x31, 0xb0, 0x2d, 0xbf, 0xe9, 0x4c, 0xd6, 0xf0, 0xd0, 0x11, 0x71, 0x3e,
    0xf1, 0x64, 0x09, 0xaa, 0x92, 0xa2, 0xc4, 0xff, 0x47, 0xe1, 0xd8, 0xdc,
    0xab, 0xb4, 0xf4, 0x4b, 0x91, 0x4c, 0x38, 0xa7, 0xee, 0x90, 0x1d, 0xb8,
    0x43, 0x88, 0x42, 0x3b, 0xa5, 0x81, 0x40, 0xba, 0xba, 0x8b, 0xf2, 0x35,
    0x3d, 0x48, 0xee, 0x7f, 0xeb, 0x0b, 0x3f, 0x3c, 0x16, 0x30, 0xb7, 0x73,
    0x0d, 0xbb, 0x5b, 0x0f, 0x9a, 0xcf, 0x56, 0x55, 0x40, 0xbc, 0xc7, 0x00,
    0x8b, 0x70, 0xcc, 0xcc, 0xfa, 0x07, 0xad, 0x00, 0xbc, 0x34, 0xa1, 0x7f,
    0x44, 0x2d, 0x19, 0x31, 0x31, 0x06, 0x93, 0x18, 0x30, 0xf2, 0x0b, 0x57,
    0xb8, 0x2b, 0xe0, 0xdd, 0x31, 0x4b, 0xee, 0xca, 0xb6, 0x06, 0x2f, 0x47,
    0x98, 0xae, 0xd6, 0x74, 0xed, 0xf6, 0xd6, 0xce, 0xa3, 0xbe, 0x2c, 0xe5,
    0x7f, 0xe2, 0xc4, 0x0e, 0x2f, 0x9b, 0xe7, 0xbe, 0x20, 0xbd, 0x46, 0xcd,
    0xf8, 0x70, 0x77, 0x92, 0xde, 0xb4, 0x45, 0x19, 0xf8, 0x0b, 0x44, 0x65,
    0xab, 0xb5, 0xe9, 0x7f, 0x30, 0xbb, 0xd3, 0x41, 0x6a, 0x7e, 0x3b, 0x2c,
    0x26, 0x34, 0x33, 0x57, 0xfa, 0xa6, 0x51, 0xd7, 0xd5, 0xf8, 0x49, 0x24,
    0x42, 0x37, 0xc4, 0xcf, 0x20, 0xc9, 0xe0, 0x17, 0x13, 0xf8, 0x48, 0xe4,
    0xf3, 0x17, 0x39, 0xa6, 0x02, 0x0b, 0xe0, 0x26, 0xd8, 0x5a, 0x44, 0x72,
    0x3d, 0xd0, 0xa4, 0x05, 0x0d, 0xa9, 0x7f, 0x52, 0x58, 0xf1, 0xab, 0x94,
    0xfa, 0xb9, 0xb3, 0xa3, 0x99, 0x43, 0xf5, 0x28, 0xe6, 0x42, 0xb3, 0xa9,
    0x6f, 0xf9, 0xe6, 0xef, 0xe1, 0xd8, 0x19, 0x23, 0x9f, 0x0c, 0xff, 0x94,
    0x19, 0x18, 0xe1, 0x1b, 0x2e, 0x55, 0xdc, 0x7f, 0x39, 0x0b, 0x50, 0xa4,
    0xea, 0xe8, 0xdb, 0xdd, 0xf7, 0x10, 0xe4, 0xd4, 0x24, 0xde, 0x4a, 0x06,
    0x97, 0x7f, 0x41, 0xb0, 0x5d, 0x11, 0xb0, 0xc3, 0x1f, 0x92, 0x0f, 0xb8,
    0xca, 0xad, 0x52, 0x5e, 0x92, 0x6d, 0xbd, 0x16, 0xd9, 0xc4, 0x8b, 0x6e,
    0x16, 0x09, 0x27, 0x4e, 0x7f, 0x26, 0xf1, 0x0e, 0xf2, 0x23, 0x7e, 0x57,
    0x15, 0xb4, 0xc2, 0xda, 0x5e, 0xf8, 0x0b, 0x0b, 0x8a, 0x61, 0xf6, 0xfe,
    0x86, 0x04, 0x18, 0x12, 0xf1, 0xb5, 0x05, 0x7f, 0x1a, 0x3f, 0x0f, 0xcf,
    0x3a, 0x61, 0xb1, 0xee, 0xca, 0x49, 0x3d, 0x34, 0x07, 0xbc, 0x4c, 0x02,
    0x03, 0x47, 0xc8, 0xb4, 0x1f, 0x33, 0x9e, 0x6f, 0x3a, 0x31, 0xd3, 0xf4,
    0x36, 0x13, 0x51, 0xbd, 0xcd, 0xc5, 0xb2, 0x81, 0x36, 0x2f, 0xe7, 0xff,
    0x9d, 0xda, 0x96, 0x1c, 0x27, 0x3f, 0x77, 0x7a, 0xdf, 0xfc, 0x1d, 0xf5,
    0x70, 0xb0, 0x00, 0xee, 0x27, 0xfe, 0xe1, 0x32, 0x24, 0x56, 0x05, 0xea,
    0x29, 0x92, 0xdc, 0xad, 0x45, 0x26, 0x2c, 0x9d, 0xe5, 0xfb, 0x44, 0x9d,
    0x7f, 0xcb, 0x13, 0x69, 0x5f, 0x56, 0x51, 0xbc, 0xea, 0xa1, 0x42, 0xe3,
    0x3d, 0x94, 0xf3, 0xd3, 0x2d, 0xf7, 0xcb, 0x13, 0xd3, 0x49, 0x0a, 0xe6,
    0xf7, 0xcb, 0x3f, 0xe3, 0xc0, 0x11, 0x9d, 0xbb, 0xbe, 0x7f, 0x2c, 0x41,
    0x57, 0xbb, 0x42, 0x21, 0x64, 0x35, 0xb5, 0x0f, 0x26, 0x12, 0xa8, 0x50,
    0xbb, 0x32, 0x37, 0x3b, 0xda, 0x35, 0x0a, 0x55, 0x7f, 0x74, 0x04, 0xa0,
    0xbe, 0x3a, 0x22, 0x45, 0x01, 0xc0, 0xee, 0xfb, 0xdc, 0x2e, 0xce, 0x3a,
    0xbf, 0x59, 0x11, 0x12, 0xe1, 0x9b, 0x45, 0x71, 0x1b, 0xe4, 0x02, 0xe4,
    0x10, 0xd5, 0xd4, 0x17, 0xbb, 0xe3, 0xb3, 0x81, 0x28, 0x42, 0x3f, 0xf7,
    0xa9, 0x43, 0x17, 0xb1, 0x2c, 0x32, 0x39, 0xdb, 0x69, 0xc7, 0xc5, 0x90,
    0x2f, 0x90, 0x18, 0xdc, 0x4b, 0xdd, 0x55, 0xbb, 0xf2, 0xd7, 0x48, 0xa7,
    0xda, 0x13, 0xef, 0xe0, 0xb9, 0xfc, 0x9c, 0xd8, 0x10, 0x45, 0x2c, 0x1c,
    0xaf, 0xcc, 0xe3, 0xd4, 0x1a, 0xae, 0x7f, 0xe2, 0x8e, 0xc9, 0xb1, 0x50,
    0x1f, 0xa2, 0xa3, 0x76, 0x2e, 0x57, 0xc9, 0xf0, 0x6d, 0x7f, 0x2e, 0xcf,
    0xe3, 0xaa, 0x9e, 0xb5, 0x17, 0xcc, 0x21, 0x62, 0x43, 0x02, 0xfd, 0xa3,
    0x2f, 0xa7, 0x5d, 0xd6, 0xe1, 0x31, 0x0d, 0x20, 0x66, 0xc8, 0x2a, 0xbf,
    0x08, 0xc0, 0x36, 0xaf, 0xe3, 0xf2, 0x53, 0xfa, 0x0d, 0xbd, 0xe0, 0x81,
    0xa9, 0x78, 0x1d, 0x35, 0x23, 0xb6, 0xce, 0x2e, 0x4c, 0x3b, 0x0f, 0xcb,
    0xa5, 0x49, 0x46, 0x72, 0x21, 0x81, 0xd5, 0xb5, 0x90, 0x57, 0xd1, 0x41,
    0xcb, 0x18, 0xa3, 0x94, 0x74, 0x2c, 0xc4, 0xf0, 0x18, 0xcb, 0xb0, 0xd0,
    0xb6, 0x29, 0x56, 0x43, 0x1c, 0x35, 0xbb, 0xd0, 0x28, 0x1c, 0x29, 0x32,
    0xe2, 0x14, 0xa6, 0xa7, 0xbc, 0xe6, 0xe5, 0xa4, 0x0f, 0x1c, 0x1c, 0xb5,
    0xf2, 0xf9, 0xb6, 0x3b, 0x3d, 0x7f, 0x41, 0xf0, 0xbb, 0xd5, 0x70, 0x26,
    0x2d, 0x87, 0x03, 0xc5, 0x95, 0x1d, 0xe5, 0x41, 0x14, 0x4e, 0xca, 0xb6,
    0xef, 0xb1, 0x5a, 0xfe, 0xe0, 0x7f, 0x36, 0x83, 0xf7, 0x86, 0xb5, 0xdb,
    0x0d, 0x38, 0x02, 0x0a, 0x47, 0x20, 0x2d, 0xcc, 0xae, 0xe4, 0xd3, 0xb9,
    0xe8, 0x24, 0xe4, 0xc1, 0xcd, 0x77, 0xbe, 0xb9, 0x2e, 0xaa, 0x9f, 0xdf,
    0xec, 0x4f, 0x32, 0x24, 0xe2, 0x1f, 0x53, 0x0b, 0x46, 0xba, 0x12, 0x93,
    0x3b, 0x7f, 0x34, 0xc3, 0xc9, 0x5b, 0x88, 0xf8, 0xe2, 0x1f, 0xb3, 0x1a,
    0xb3, 0x04, 0x97, 0x50, 0x17, 0x3f, 0xe8, 0x39, 0x58, 0x03, 0x41, 0xed,
    0x81, 0x71, 0xfa, 0x71, 0x55, 0x90, 0xf3, 0x46, 0x38, 0x3b, 0xbd, 0x14,
    0xd4, 0xae, 0x98, 0x38, 0x5b, 0x4a, 0xb5, 0x16, 0x57, 0xaa, 0x09, 0x03,
    0x02, 0x1c, 0xca, 0x3b, 0x2a, 0xc8, 0x77, 0x7f, 0x37, 0x78, 0x6b, 0xff,
    0xcf, 0xfc, 0xd9, 0xbd, 0x91, 0x97, 0x12, 0xd1, 0xc9, 0x9a, 0xa1, 0xfe,
    0x9f, 0xc1, 0x3f, 0x44, 0xdf, 0x25, 0x32, 0x7f, 0x2e, 0xdd, 0x33, 0x0f,
    0x2c, 0x5f, 0x3d, 0x28, 0xcd, 0xd4, 0x26, 0xc9, 0xde, 0x31, 0x2c, 0x31,
    0x71, 0x15, 0xe1, 0xc4, 0xab, 0x47, 0xb6, 0x4f, 0x46, 0xb3, 0xdd, 0xbf,
    0xb3, 0xec, 0x81, 0xf0, 0xca, 0x22, 0xa4, 0x1d, 0x3d, 0xbc, 0x64, 0x25,
    0x33, 0x71, 0xfe, 0xaa, 0x52, 0xc4, 0xaf, 0xf5, 0x0d, 0x2e, 0x8f, 0x5c,
    0xf7, 0x19, 0x4b, 0x1b, 0x2f, 0x0a, 0xb6, 0xb3, 0xb9, 0x2e, 0x20, 0x0a,
    0xd9, 0xe6, 0x93, 0x98, 0xd4, 0xbd, 0xc0, 0xf3, 0x85, 0x54, 0xfe, 0xc6,
    0x90, 0x2f, 0xe6, 0xcb, 0x69, 0x82, 0x38, 0xff, 0x9d, 0x61, 0xd7, 0x7f,
    0xae, 0x9c, 0xb7, 0x02, 0xe1, 0x13, 0x24, 0xee, 0x6c, 0x4a, 0xa6, 0x42,
    0x1b, 0xf3, 0x81, 0x36, 0x5d, 0x35, 0xde, 0x54, 0x13, 0x58, 0x90, 0x76,
    0x90, 0xac, 0x21, 0x9f, 0x4f, 0xfc, 0x32, 0x4a, 0xd5, 0x35, 0x0b, 0x7f,
    0xd8, 0xd5, 0x85, 0x7e, 0x7c, 0x47, 0x59, 0xd2, 0x21, 0x6d, 0xc0, 0xf0,
    0xf9, 0xc7, 0x76, 0xcd, 0x5c, 0x81, 0x8f, 0xe8, 0x22, 0x44, 0x29, 0xce,
    0x1d, 0x46, 0x3a, 0xd2, 0x02, 0x21, 0x4b, 0x10, 0xb0, 0x54, 0xbf, 0x60,
    0x7f, 0xc2, 0xdc, 0x22, 0x22, 0x48, 0xa0, 0x23, 0x05, 0x0d, 0xa1, 0x2b,
    0x20, 0xd9, 0xe0, 0xfb, 0xc3, 0x8e, 0x99, 0xb8, 0xfd, 0xe2, 0x03, 0xfe,
    0xf9, 0xff, 0xd1, 0x3d, 0xd5, 0xf7, 0xdd, 0x4b, 0x53, 0x63, 0xdd, 0x3b,
    0xc9, 0x76, 0x48, 0xac, 0x64, 0x81, 0xae, 0xe5, 0xd6, 0x31, 0xdc, 0xe9,
    0x2d, 0xd0, 0xba, 0x05, 0xb0, 0x40, 0xa1, 0x94, 0x5d, 0xf3, 0x4e, 0xdb,
    0x1a, 0x34, 0x3a, 0xeb, 0xb1, 0xdd, 0xba, 0xc3, 0x24, 0x10, 0x43, 0xf9,
    0xbb, 0x39, 0x20, 0x2a, 0x01, 0x7f, 0x45, 0x0c, 0xe2, 0x39, 0x4a, 0xca,
    0x26, 0xcc, 0x2b, 0xae, 0xe6, 0xa8, 0x26, 0xa6, 0x10, 0x49, 0x1b, 0x74,
    0x51, 0x54, 0xd1, 0xd3, 0x3e, 0xbd, 0x9d, 0x4f, 0x81, 0x2b, 0xcb, 0x39,
    0xa5, 0xcf, 0xfd, 0xd7, 0x2e, 0x3d, 0xfe, 0x47, 0xd6, 0x08, 0xd4, 0x28,
    0x56, 0xe6, 0x54, 0x51, 0xf7, 0xa5, 0x25, 0xa2, 0xbc, 0x06, 0xcb, 0xec,
    0x96, 0x9a, 0x08, 0xd6, 0x20, 0x29, 0xeb, 0x02, 0xb7, 0xed, 0x65, 0xed,
    0x32, 0xce, 0xb9, 0x70, 0x7f, 0x34, 0x4c, 0xa7, 0x0b, 0x28, 0x13, 0x90,
    0xe7, 0xbf, 0x21, 0xc1, 0xec, 0xd1, 0x16, 0xc4, 0x4e, 0xbb, 0xf0, 0x2a,
    0x82, 0x67, 0xc2, 0x16, 0x7f, 0xc9, 0xd3, 0x2b, 0xff, 0x39, 0x45, 0xe7,
    0x49, 0xb6, 0xe7, 0x12, 0xe2, 0xe3, 0xd0, 0xfc, 0x35, 0x45, 0x1d, 0x1e,
    0xee, 0x00, 0x05, 0xb3, 0xaf, 0x22, 0xfe, 0x1f, 0x19, 0x44, 0x81, 0xe3,
    0x56, 0x49, 0x14, 0x13, 0x1f, 0xc2, 0xf9, 0xf8, 0x0b, 0x8e, 0x3f, 0xed,
    0x22, 0xf5, 0xff, 0xff, 0x04, 0x00, 0x00, 0x00, 0x00, 0x01, 0x00, 0x00,
    0x0a, 0x0f, 0x00, 0x00, 0x6e, 0x2c, 0x00, 0x00, 0x89, 0xfe, 0xff, 0xff,
    0x73, 0x08, 0x00, 0x00, 0x45, 0xe9, 0xff, 0xff, 0x64, 0xf6, 0xff, 0xff,
    0x5a, 0x02, 0x00, 0x00, 0x09, 0xe2, 0xff, 0xff, 0x75, 0x10, 0x00, 0x00,
    0xa8, 0x0c, 0x00, 0x00, 0x6d, 0xfc, 0xff, 0xff, 0x10, 0x1a, 0x00, 0x00,
    0xea, 0xeb, 0xff, 0xff, 0x0e, 0xec, 0xff, 0xff, 0x78, 0xf4, 0xff, 0xff,
    0xa3, 0xe8, 0xff, 0xff, 0x77, 0xfa, 0xff, 0xff, 0xb3, 0xe0, 0xff, 0xff,
    0x6f, 0xe0, 0xff, 0xff, 0xb0, 0xfa, 0xff, 0xff, 0xd0, 0xfb, 0xff, 0xff,
    0xa0, 0xf1, 0xff, 0xff, 0xe5, 0x11, 0x00, 0x00, 0x49, 0xf2, 0xff, 0xff,
    0x71, 0x02, 0x00, 0x00, 0xe1, 0x12, 0x00, 0x00, 0x64, 0x04, 0x00, 0x00,
    0xc4, 0x08, 0x00, 0x00, 0xd8, 0x36, 0x00, 0x00, 0xf5, 0xf1, 0xff, 0xff,
    0xc2, 0xf1, 0xff, 0xff, 0xf6, 0x14, 0x00, 0x00, 0x5b, 0xda, 0xff, 0xff,
    0xda, 0xf4, 0xff, 0xff, 0x1a, 0x10, 0x00, 0x00, 0x8b, 0x0d, 0x00, 0x00,
    0xc3, 0xf3, 0xff, 0xff, 0xdc, 0xed, 0xff, 0xff, 0x81, 0xfb, 0xff, 0xff,
    0x5c, 0xf0, 0xff, 0xff, 0x60, 0xfe, 0xff, 0xff, 0x5e, 0xe5, 0xff, 0xff,
    0xe3, 0x0c, 0x00, 0x00, 0xd8, 0x12, 0x00, 0x00, 0x6f, 0x07, 0x00, 0x00,
    0xc9, 0x00, 0x00, 0x00, 0xb5, 0x13, 0x00, 0x00, 0x96, 0x08, 0x00, 0x00,
    0x9d, 0x12, 0x00, 0x00, 0x45, 0x05, 0x00, 0x00, 0x57, 0xfb, 0xff, 0xff,
    0xfb, 0x05, 0x00, 0x00, 0x63, 0xe1, 0xff, 0xff, 0x36, 0x0b, 0x00, 0x00,
    0x08, 0x2a, 0x00, 0x00, 0xb8, 0xf5, 0xff, 0xff, 0x20, 0xeb, 0xff, 0xff,
    0x1a, 0x0b, 0x00, 0x00, 0x8d, 0x0e, 0x00, 0x00, 0xb0, 0xe8, 0xff, 0xff,
    0x21, 0x03, 0x00, 0x00, 0x93, 0x02, 0x00, 0x00, 0x67, 0x08, 0x00, 0x00,
    0xc8, 0xfb, 0xff, 0xff, 0x2e, 0xf6, 0xff, 0xff, 0x04, 0x00, 0x00, 0x00,
    0x00, 0x08, 0x00, 0x00, 0xa1, 0xe1, 0xb2, 0xe5, 0x4f, 0x4a, 0xca, 0xbd,
    0xcd, 0xca, 0x2f, 0xe3, 0x32, 0x0d, 0x23, 0xaf, 0x16, 0x7f, 0xef, 0xf4,
    0x1d, 0x7e, 0x79, 0x1b, 0xb0, 0x28, 0x36, 0xfe, 0xee, 0x1a, 0x64, 0xad,
    0xff, 0xa7, 0x18, 0xcf, 0x0d, 0xc6, 0xa8, 0xad, 0x13, 0xc2, 0x43, 0xae,
    0x19, 0x13, 0x0e, 0x15, 0x41, 0x00, 0xc1, 0x5f, 0x3a, 0x48, 0xed, 0xaf,
    0x7a, 0x29, 0x77, 0x2a, 0xbf, 0x23, 0xd3, 0xaf, 0x5c, 0x8c, 0x08, 0xe4,
    0x18, 0x45, 0x70, 0xe9, 0x69, 0x81, 0xfb, 0xa4, 0xd6, 0xc5, 0x14, 0x60,
    0x65, 0x03, 0xe4, 0x3c, 0x5f, 0xb8, 0x89, 0xe6, 0xa7, 0x11, 0x6b, 0xac,
    0xf0, 0xb1, 0x96, 0xdc, 0x94, 0xea, 0x36, 0xdf, 0x3a, 0x00, 0xdc, 0x8a,
    0x2d, 0xf0, 0x5d, 0x49, 0x8e, 0xc8, 0x4c, 0x0f, 0xf3, 0x67, 0x15, 0xc6,
    0x05, 0xfa, 0x16, 0x0d, 0x0d, 0xda, 0x23, 0x8d, 0x93, 0x1f, 0xac, 0x94,
    0xb4, 0x6b, 0xbf, 0x33, 0xa1, 0x1a, 0x2b, 0x49, 0x24, 0x52, 0xe4, 0x72,
    0xe0, 0x0f, 0x14, 0xd2, 0x6a, 0x66, 0xe5, 0xa9, 0xff, 0x6f, 0x56, 0x3f,
    0x09, 0xf6, 0x99, 0xf3, 0x19, 0x7f, 0xd8, 0x56, 0x37, 0xeb, 0xf9, 0x70,
    0x22, 0xf2, 0x27, 0x4c, 0xc9, 0xe9, 0xd8, 0x35, 0x62, 0xd5, 0xad, 0x01,
    0xa8, 0x5b, 0x79, 0xaa, 0xe0, 0xc7, 0xee, 0xfd, 0x71, 0x2a, 0x34, 0xb1,
    0x6e, 0xa2, 0xcf, 0xb0, 0x3d, 0x4c, 0xeb, 0x61, 0xaa, 0xf5, 0x4d, 0x45,
    0xdd, 0xa2, 0xe1, 0x47, 0x01, 0xf2, 0xc0, 0x7f, 0x70, 0x10, 0xf9, 0xc7,
    0x61, 0xfd, 0xc7, 0xc6, 0x73, 0xc3, 0x30, 0xdc, 0xdc, 0x77, 0x19, 0xcd,
    0xcb, 0x1e, 0xc8, 0xaa, 0x18, 0xfb, 0xef, 0x40, 0x3d, 0x61, 0x6b, 0xb0,
    0x7b, 0x75, 0x6a, 0x0d, 0xd1, 0x4c, 0x3c, 0x52, 0x20, 0x2c, 0xeb, 0xda,
    0xaf, 0xaf, 0x7d, 0x0b, 0xe4, 0x14, 0xdd, 0xc8, 0x1d, 0xfe, 0xfa, 0x5b,
    0x6a, 0xa7, 0x02, 0x26, 0xff, 0x27, 0x43, 0x27, 0x68, 0xbc, 0x0c, 0x6a,
    0xf1, 0xba, 0x61, 0xd0, 0x03, 0x2d, 0xdd, 0x40, 0x28, 0x16, 0xe2, 0xec,
    0xe2, 0xd3, 0xce, 0x40, 0x0a, 0xb1, 0xc1, 0xcf, 0x18, 0xa1, 0xeb, 0xfb,
    0x58, 0xd9, 0x44, 0x7f, 0xe4, 0x04, 0xdd, 0x14, 0xdf, 0x15, 0xd6, 0xb9,
    0x04, 0xe2, 0xaf, 0xf8, 0xb7, 0x2b, 0x48, 0x5d, 0xbe, 0x26, 0xff, 0x5f,
    0xc4, 0x26, 0xa5, 0xd7, 0xb8, 0x7f, 0xf0, 0x59, 0xa0, 0xd4, 0x36, 0xfb,
    0x99, 0x68, 0xb4, 0x2e, 0x3c, 0x29, 0xe4, 0xe3, 0x1f, 0x55, 0x7e, 0x83,
    0x50, 0x9d, 0xae, 0xf1, 0x1e, 0x20, 0xea, 0x5d, 0xc2, 0x9c, 0x5c, 0xd8,
    0x4b, 0x02, 0x69, 0x2b, 0x32, 0x7f, 0xff, 0xa4, 0xf3, 0x2a, 0x93, 0x90,
    0x62, 0xb5, 0x0b, 0x26, 0xf8, 0x51, 0x9e, 0x6d, 0x76, 0x71, 0xf9, 0xec,
    0x05, 0x05, 0xaf, 0xf0, 0x7e, 0x28, 0x62, 0xb1, 0xee, 0x32, 0x74, 0xc8,
    0x74, 0xc3, 0x39, 0x38, 0xeb, 0xb6, 0x79, 0xf0, 0x25, 0xcd, 0xd0, 0xb7,
    0xce, 0xfd, 0xc9, 0x57, 0x7f, 0x14, 0x57, 0x1a, 0x7e, 0xa8, 0xa9, 0x34,
    0xae, 0xd1, 0xb9, 0x32, 0xa7, 0xd7, 0x26, 0x5b, 0xe2, 0xb8, 0x5b, 0x51,
    0x68, 0x40, 0x4f, 0x58, 0xe1, 0x75, 0x9e, 0x65, 0xb0, 0x70, 0xeb, 0xca,
    0xbc, 0xcf, 0xea, 0x0c, 0xce, 0x4d, 0x30, 0x7a, 0x75, 0x2a, 0x07, 0xf3,
    0x3a, 0x4f, 0xc6, 0xb9, 0x8c, 0x5c, 0xdc, 0xae, 0x8c, 0x26, 0x5c, 0x5d,
    0x90, 0x4c, 0xcd, 0xcd, 0x78, 0x19, 0xe1, 0xc1, 0xcd, 0xe4, 0x2b, 0x01,
    0x07, 0x22, 0x92, 0xdb, 0x50, 0x3b, 0x89, 0xff, 0xbc, 0x69, 0xd7, 0xe0,
    0x3d, 0xa7, 0x81, 0xd3, 0xbe, 0xcc, 0xf8, 0x83, 0x0d, 0xb3, 0x0b, 0x97,
    0x27, 0x0e, 0x96, 0x18, 0x4a, 0xe2, 0x63, 0xfe, 0xd4, 0x8b, 0xaa, 0xad,
    0xb4, 0x83, 0x47, 0x2e, 0x6b, 0xfa, 0x64, 0x88, 0x9d, 0xab, 0xa0, 0xa4,
    0xb6, 0xf3, 0xda, 0x3c, 0x2a, 0x1d, 0xaf, 0x3d, 0x23, 0x3b, 0x53, 0x1d,
    0x9d, 0xed, 0x4d, 0x24, 0xfd, 0xc8, 0x1a, 0xd9, 0xae, 0x5f, 0x19, 0x03,
    0x99, 0x71, 0x20, 0xcb, 0xa6, 0x14, 0xf5, 0xa8, 0xa3, 0xf6, 0x6b, 0x21,
    0x1c, 0x0b, 0xc8, 0x81, 0x28, 0x58, 0x89, 0x6d, 0xb8, 0xc5, 0x15, 0xc9,
    0x27, 0xc9, 0x47, 0x22, 0x97, 0xfa, 0x5c, 0xd0, 0x53, 0x17, 0x50, 0x47,
    0xd2, 0x96, 0x6a, 0xce, 0x92, 0xa7, 0xfc, 0x35, 0xb0, 0x52, 0xa8, 0x42,
    0xc4, 0xf6, 0x11, 0x4c, 0xf5, 0x4f, 0x33, 0xb9, 0xa1, 0x33, 0x7c, 0xfa,
    0x53, 0x67, 0x1c, 0x24, 0x35, 0x72, 0xb0, 0xa2, 0xfa, 0x52, 0xc5, 0xcc,
    0xf0, 0xbe, 0xfd, 0xe7, 0x2d, 0x2a, 0x19, 0x37, 0x66, 0x97, 0x11, 0x2f,
    0x7f, 0x0c, 0x49, 0xe1, 0x74, 0xb4, 0xa0, 0xba, 0x96, 0x4f, 0x2f, 0xb0,
    0x3e, 0xd3, 0x64, 0xcb, 0xda, 0x02, 0xa2, 0x0d, 0x25, 0x2b, 0xb7, 0x0d,
    0x4a, 0xce, 0xef, 0xea, 0x81, 0xd1, 0x8c, 0x4d, 0xb1, 0x18, 0x95, 0x26,
    0xef, 0x99, 0x4c, 0x05, 0x28, 0xc7, 0xea, 0xa4, 0x93, 0xfa, 0xdc, 0xc7,
    0x30, 0x33, 0xc1, 0xf4, 0xf9, 0x4a, 0x4b, 0xd8, 0x94, 0x14, 0x1d, 0xbb,
    0x53, 0x61, 0x3c, 0xab, 0x4c, 0xda, 0xa7, 0xfd, 0xc6, 0xc7, 0xe4, 0xcf,
    0x50, 0x3e, 0x1c, 0xae, 0xb8, 0x92, 0x11, 0x00, 0x21, 0x59, 0xe5, 0x72,
    0xf5, 0x3a, 0x20, 0x2c, 0x95, 0xa2, 0xb4, 0x32, 0x3b, 0x13, 0x5d, 0x1a,
    0xea, 0xb3, 0xb3, 0x12, 0xf2, 0x33, 0x99, 0xa8, 0x15, 0xbf, 0x4c, 0x13,
    0x1a, 0xb6, 0x81, 0x2b, 0xad, 0x31, 0x16, 0x2b, 0xa8, 0x3c, 0x05, 0xb9,
    0xe1, 0xe3, 0x30, 0xf6, 0x0d, 0xbe, 0x3e, 0xf1, 0x2e, 0x17, 0xf0, 0x50,
    0x2c, 0xc9, 0x12, 0x10, 0xfd, 0x66, 0x53, 0xfb, 0xad, 0x45, 0x32, 0xbb,
    0x7f, 0x30, 0x45, 0xf2, 0xbe, 0x16, 0x0f, 0x95, 0x99, 0x85, 0xb6, 0x9d,
    0xb5, 0xc1, 0x5c, 0x0a, 0xe1, 0xa6, 0x06, 0xad, 0x23, 0x4b, 0xbd, 0xcb,
    0xb9, 0xac, 0x3f, 0x47, 0x94, 0x5d, 0xc5, 0xb6, 0x17, 0x2c, 0xcb, 0xbe,
    0x95, 0xbc, 0x90, 0x94, 0x18, 0x5d, 0x2e, 0xfe, 0x1d, 0x46, 0x45, 0x37,
    0x11, 0xb5, 0x29, 0xe9, 0x5d, 0x30, 0x34, 0xc5, 0xde, 0x43, 0x3f, 0x3b,
    0xf3, 0x5f, 0xef, 0x7e, 0xa4, 0xcd, 0xf8, 0x0c, 0x1e, 0x27, 0xd9, 0x07,
    0x55, 0x08, 0x26, 0x1e, 0xf7, 0xd6, 0x55, 0x96, 0x23, 0xd4, 0x5c, 0xa1,
    0xbf, 0x65, 0xde, 0xef, 0xf2, 0x1b, 0x30, 0xc1, 0x78, 0x0e, 0xd2, 0xde,
    0x06, 0xbc, 0x44, 0xf4, 0x58, 0x49, 0x69, 0xcc, 0xe6, 0xfc, 0xc6, 0x49,
    0x7f, 0xe8, 0x39, 0xd7, 0x48, 0x68, 0xf1, 0xbf, 0x0e, 0xd6, 0xd0, 0x49,
    0xab, 0x50, 0x3c, 0x49, 0xac, 0x68, 0x52, 0xfb, 0x3b, 0x98, 0x43, 0x96,
    0xa3, 0xa0, 0x66, 0x27, 0xe3, 0x89, 0xd5, 0x60, 0x5d, 0xfb, 0x9e, 0xef,
    0xb0, 0xd8, 0x02, 0xeb, 0x56, 0xa6, 0xe9, 0xf6, 0xa2, 0xd7, 0xae, 0xe6,
    0x8f, 0xed, 0x6b, 0x14, 0x95, 0xaf, 0x05, 0x27, 0x97, 0xd9, 0xc7, 0x32,
    0x96, 0x3f, 0x53, 0x81, 0x27, 0xa8, 0x55, 0xfa, 0x27, 0x0a, 0x05, 0xad,
    0x21, 0x9f, 0xfb, 0x05, 0xb8, 0x7f, 0xc9, 0x54, 0xd0, 0x34, 0xb0, 0x95,
    0x7f, 0xcb, 0xe1, 0x26, 0xe7, 0xa9, 0xae, 0xe4, 0xd1, 0xa8, 0x12, 0x25,
    0x39, 0xe4, 0x45, 0xfe, 0xea, 0x31, 0xf9, 0x25, 0x42, 0xd2, 0xa6, 0x17,
    0xbc, 0xb8, 0x57, 0x73, 0x43, 0xd4, 0x90, 0xd4, 0x9b, 0x19, 0xd0, 0xc4,
    0xa8, 0x25, 0xea, 0x54, 0x33, 0x1a, 0xef, 0x20, 0x21, 0x67, 0x57, 0x2c,
    0x31, 0x12, 0xa4, 0x55, 0x2e, 0xd7, 0x07, 0x16, 0xa9, 0x77, 0x3e, 0x5e,
    0xb8, 0x3b, 0x50, 0x31, 0x48, 0x7e, 0xc9, 0xc3, 0x30, 0xa6, 0x0e, 0xba,
    0xb4, 0x5e, 0xef, 0x2d, 0x2f, 0xed, 0xbc, 0x70, 0x91, 0x7f, 0x22, 0x6e,
    0x5a, 0xa1, 0xcd, 0xba, 0x19, 0x9b, 0x50, 0x7c, 0xec, 0x2c, 0xbf, 0x0c,
    0x84, 0xbe, 0x32, 0x6e, 0xc8, 0xd3, 0xba, 0xd9, 0xa9, 0xac, 0xef, 0x6a,
    0x99, 0xf1, 0x4b, 0x5c, 0xee, 0x66, 0x45, 0x65, 0x57, 0xb8, 0x5d, 0xc9,
    0x4b, 0x6a, 0xdc, 0xc8, 0x22, 0xdb, 0x06, 0xe0, 0xbc, 0xd2, 0xc6, 0x2c,
    0x41, 0x45, 0x02, 0x4b, 0x14, 0xc1, 0xf6, 0x1d, 0x3d, 0x0d, 0x94, 0x55,
    0x17, 0x63, 0x6a, 0xf3, 0xfe, 0xa6, 0xdd, 0xc1, 0xc0, 0x61, 0xdd, 0x7f,
    0x10, 0xef, 0x3a, 0x5b, 0x2e, 0xd5, 0xc9, 0xec, 0xfb, 0x50, 0xea, 0xeb,
    0x33, 0x01, 0xee, 0x57, 0x9b, 0x1b, 0xd3, 0x2a, 0xfc, 0x42, 0x44, 0xe9,
    0x22, 0xe8, 0xd5, 0x2a, 0xe5, 0x45, 0xc7, 0xfb, 0xa0, 0xc6, 0x42, 0x0f,
    0x78, 0x7c, 0x27, 0x1c, 0xd9, 0xe3, 0x9b, 0x14, 0xad, 0x4e, 0xa2, 0x01,
    0xb0, 0xca, 0x0c, 0x4d, 0x92, 0xd5, 0x5e, 0x17, 0x55, 0xfa, 0x0f, 0xc0,
    0xbe, 0x9d, 0x25, 0x53, 0x56, 0xc9, 0x97, 0xbe, 0x41, 0xce, 0x1d, 0xd3,
    0x23, 0x56, 0x5c, 0xb2, 0xbb, 0xca, 0x31, 0x7f, 0xcd, 0x1e, 0x41, 0xe7,
    0x3f, 0xee, 0x9b, 0x0a, 0x4b, 0xcf, 0x48, 0x4c, 0x52, 0xf0, 0x1a, 0x40,
    0xff, 0xd9, 0xeb, 0xaa, 0xee, 0x5c, 0x0b, 0x4a, 0xd7, 0x25, 0x9a, 0x92,
    0x8f, 0x20, 0x15, 0xb9, 0xed, 0x5e, 0x00, 0xdd, 0x05, 0x48, 0x38, 0x56,
    0x41, 0xcf, 0x13, 0x38, 0xca, 0xdb, 0x56, 0x77, 0x1b, 0x21, 0xfa, 0xbb,
    0x81, 0xdb, 0x0c, 0xa6, 0x28, 0xf2, 0xf4, 0x4b, 0xe2, 0xfa, 0x22, 0x61,
    0xc8, 0x40, 0xdd, 0x06, 0xa6, 0x7f, 0xc9, 0x94, 0xe1, 0x0b, 0xe0, 0x06,
    0xde, 0xbd, 0xc0, 0xb4, 0xdd, 0x5a, 0x24, 0x19, 0x3e, 0xe6, 0x4e, 0x0a,
    0x81, 0x05, 0x3f, 0x9e, 0x51, 0xaa, 0x21, 0x26, 0x9a, 0x28, 0x68, 0xac,
    0x4a, 0x02, 0xd0, 0x14, 0x10, 0x43, 0x1f, 0xd1, 0x26, 0xec, 0xd3, 0xc5,
    0xde, 0xb9, 0x39, 0x05, 0x48, 0x5b, 0x31, 0xd1, 0x57, 0x46, 0x25, 0x99,
    0x60, 0xc6, 0x54, 0xd6, 0x2c, 0xf3, 0x54, 0xb2, 0x19, 0x4e, 0x4d, 0xc1,
    0xda, 0xa7, 0x1b, 0x36, 0x8b, 0x49, 0x17, 0xb3, 0xf4, 0xee, 0x97, 0x0f,
    0x47, 0xfb, 0xba, 0x45, 0x23, 0x6c, 0x88, 0xd6, 0x54, 0xa2, 0xa5, 0x04,
    0x11, 0xe3, 0x7f, 0x36, 0xe5, 0xb1, 0x9b, 0x3f, 0x31, 0x7b, 0x74, 0xd4,
    0x37, 0x42, 0x2a, 0xcd, 0x02, 0x4f, 0x99, 0x5a, 0x0a, 0x69, 0xde, 0x92,
    0xb3, 0x09, 0xb4, 0x97, 0x52, 0xfe, 0x6d, 0x3e, 0xf4, 0x66, 0x0e, 0x2a,
    0x72, 0x24, 0xf5, 0x51, 0x5d, 0x2c, 0x6d, 0x45, 0x50, 0x95, 0xc2, 0xfa,
    0x19, 0xf9, 0x81, 0x2a, 0x21, 0xd0, 0xe3, 0xe1, 0xb0, 0x79, 0xcb, 0xc1,
    0xbb, 0xac, 0x1b, 0x79, 0xf2, 0xee, 0x8f, 0x84, 0xec, 0x61, 0xb8, 0x82,
    0x49, 0xab, 0x78, 0x2e, 0x23, 0xdd, 0x7b, 0xeb, 0xfe, 0x28, 0x07, 0x00,
    0x72, 0xb8, 0x38, 0xdb, 0xe7, 0x24, 0xf5, 0xd1, 0xb9, 0xe6, 0xd2, 0xe1,
    0xcd, 0x2f, 0x1a, 0x04, 0x89, 0xec, 0x1c, 0x29, 0x2e, 0xe4, 0x48, 0x69,
    0xf8, 0xd7, 0xa9, 0x00, 0xa0, 0x68, 0x50, 0xb8, 0x3d, 0xce, 0x25, 0xb8,
    0x9e, 0xc5, 0xf2, 0xb6, 0x29, 0x69, 0x58, 0x5c, 0x64, 0x4d, 0xcd, 0x27,
    0xe3, 0xb3, 0x14, 0x6a, 0xdb, 0x7f, 0x39, 0x39, 0x02, 0x23, 0xd6, 0xb6,
    0x3f, 0xd4, 0x2c, 0x53, 0xce, 0x19, 0xc6, 0xd9, 0x3b, 0x1a, 0xfb, 0xef,
    0xa9, 0xd8, 0xec, 0x29, 0x73, 0x07, 0xb9, 0x20, 0x4b, 0x45, 0x4c, 0x0e,
    0xf5, 0x9f, 0xce, 0xdb, 0x42, 0xd6, 0xd7, 0x4d, 0x62, 0x65, 0x89, 0x81,
    0x55, 0xef, 0xce, 0x2e, 0xdd, 0x2d, 0x52, 0xc2, 0xbf, 0x55, 0x0e, 0x50,
    0xeb, 0x61, 0x6d, 0xf1, 0x52, 0x90, 0x64, 0xa9, 0xf3, 0x59, 0x26, 0x5d,
    0x28, 0xf4, 0xa7, 0x27, 0x93, 0x8e, 0x0b, 0x8a, 0xd6, 0x8e, 0x3c, 0x0d,
    0x16, 0x87, 0xc5, 0xc8, 0xcf, 0xbc, 0xcf, 0x60, 0x3f, 0xff, 0xad, 0xca,
    0x96, 0xd6, 0xf3, 0xf9, 0xb6, 0xdd, 0xda, 0x27, 0x47, 0x8f, 0x52, 0x25,
    0x71, 0xbc, 0xf9, 0xd1, 0xba, 0x03, 0x2f, 0x0a, 0x3f, 0x64, 0x7d, 0x72,
    0x27, 0x52, 0x2b, 0xf5, 0x65, 0x2f, 0x3e, 0x26, 0x56, 0x0e, 0xc7, 0xf0,
    0x28, 0x42, 0x0f, 0xcb, 0x77, 0xcf, 0xc2, 0xdb, 0xf8, 0x5d, 0x4e, 0xf3,
    0x2f, 0x03, 0x35, 0xcd, 0x33, 0x7f, 0xce, 0x32, 0x6b, 0xac, 0xe9, 0x37,
    0x10, 0xfd, 0x2d, 0x21, 0xf5, 0xed, 0x65, 0x06, 0x3a, 0xbf, 0x19, 0x3b,
    0xa3, 0xa3, 0xe6, 0x29, 0xfc, 0xc6, 0xf4, 0xbc, 0x5b, 0x9b, 0x3e, 0xfe,
    0xdd, 0xfd, 0xbd, 0xde, 0x0d, 0x11, 0x39, 0x7b, 0xdd, 0xe3, 0xf3, 0xcb,
    0x12, 0x4c, 0xb1, 0xf5, 0xb2, 0xec, 0x4b, 0x22, 0x69, 0xd4, 0x39, 0xf4,
    0x3e, 0x64, 0x25, 0xbe, 0x7b, 0x67, 0x76, 0x2c, 0x48, 0x70, 0x76, 0x53,
    0x5d, 0x59, 0x92, 0xc2, 0x7f, 0xea, 0xa4, 0x5a, 0xfc, 0x66, 0xe6, 0x47,
    0xf9, 0x42, 0xda, 0x19, 0xb8, 0xee, 0x35, 0x78, 0x66, 0xe9, 0x6b, 0x5a,
    0x1f, 0x8f, 0x8f, 0x2f, 0x35, 0xce, 0xe6, 0xf9, 0xbe, 0x9d, 0x1e, 0x99,
    0x12, 0x17, 0xc8, 0x87, 0x69, 0x6e, 0xd6, 0x79, 0x68, 0xae, 0xdf, 0xb8,
    0xbb, 0x3a, 0x04, 0xfa, 0xe8, 0x04, 0x18, 0x2e, 0x74, 0xe3, 0x7c, 0xb6,
    0xd0, 0x7f, 0x31, 0x32, 0xd4, 0x03, 0xe5, 0x21, 0x10, 0x47, 0xab, 0x0b,
    0x71, 0x09, 0x5f, 0x11, 0xdf, 0x4c, 0xff, 0xc0, 0x2c, 0x07, 0xbf, 0x41,
    0xd1, 0x3a, 0x5e, 0xe5, 0xa9, 0x34, 0x7a, 0xa1, 0x83, 0x4d, 0x44, 0x40,
    0x9f, 0x4f, 0x46, 0x5e, 0xed, 0x15, 0x00, 0x56, 0x31, 0xa8, 0x9e, 0xeb,
    0x47, 0x49, 0x11, 0x0d, 0x0a, 0x91, 0x26, 0xd2, 0x7f, 0x0f, 0x90, 0x2d,
    0x3f, 0x5c, 0xd1, 0xbd, 0xe7, 0x04, 0x28, 0x18, 0xb5, 0xe8, 0x1b, 0x3b,
    0x43, 0xcb, 0x28, 0xa5, 0xd3, 0x56, 0xaf, 0xdd, 0x7f, 0xb8, 0xf4, 0x67,
    0x1f, 0x5c, 0xdb, 0x56, 0x62, 0x96, 0x4c, 0x61, 0xbc, 0xb2, 0x74, 0x36,
    0xcb, 0xf1, 0x11, 0xc3, 0x43, 0x96, 0x5f, 0x0c, 0x20, 0x1e, 0xeb, 0x9f,
    0x23, 0xc4, 0xfb, 0x05, 0x92, 0xae, 0x89, 0x69, 0x4f, 0xb9, 0x36, 0xf4,
    0x8f, 0xc3, 0x72, 0xb2, 0x33, 0x1a, 0x2b, 0x66, 0x6d, 0x73, 0xb5, 0x40,
    0x7f, 0x01, 0xb9, 0x02, 0x32, 0x19, 0x47, 0x70, 0x34, 0xcf, 0x9e, 0x5b,
    0xaf, 0x0f, 0x60, 0x46, 0xae, 0x1b, 0x29, 0xee, 0x1e, 0xd8, 0xd7, 0xe9,
    0x6a, 0x58, 0x69, 0x6f, 0xd2, 0xc8, 0xad, 0xaf, 0x72, 0xb4, 0xbd, 0x7e,
    0xca, 0x9b, 0x01, 0x7f, 0x9a, 0x57, 0x41, 0xac, 0x19, 0xeb, 0x48, 0xfa,
    0x73, 0x47, 0xdb, 0x1a, 0x68, 0x4f, 0xe9, 0x99, 0x9d, 0xc7, 0xcf, 0x32,
    0x91, 0x98, 0x73, 0xa3, 0x39, 0x79, 0x36, 0x2d, 0x27, 0x4f, 0x44, 0xa2,
    0xb2, 0x7e, 0xee, 0xb5, 0x02, 0xc5, 0x0c, 0x10, 0x82, 0x6b, 0xec, 0x18,
    0xdc, 0x5c, 0xb6, 0x79, 0xd6, 0xcd, 0x64, 0xb3, 0x2c, 0xb2, 0xa6, 0x7a,
    0x05, 0x14, 0x03, 0xf1, 0xad, 0xb7, 0x4a, 0x6d, 0x29, 0x69, 0xbf, 0x87,
    0x4b, 0x02, 0x93, 0xac, 0x8e, 0x9e, 0x88, 0xea, 0x69, 0x2d, 0x10, 0x81,
    0x00, 0xe9, 0x8d, 0x26, 0x91, 0xf9, 0x79, 0x9a, 0xe9, 0xfe, 0x1c, 0x8b,
    0x3d, 0xf4, 0x03, 0xf0, 0x95, 0xda, 0x8e, 0xc2, 0x66, 0xa4, 0x87, 0x39,
    0x3a, 0xfe, 0xff, 0xff, 0x04, 0x00, 0x00, 0x00, 0x80, 0x00, 0x00, 0x00,
    0xdd, 0x05, 0x00, 0x00, 0xf5, 0xfb, 0xff, 0xff, 0x1b, 0x04, 0x00, 0x00,
    0x3b, 0x06, 0x00, 0x00, 0x48, 0x03, 0x00, 0x00, 0x7f, 0xff, 0xff, 0xff,
    0x25, 0x0a, 0x00, 0x00, 0x19, 0xfe, 0xff, 0xff, 0x8a, 0xfa, 0xff, 0xff,
    0xf1, 0x00, 0x00, 0x00, 0xd5, 0xfa, 0xff, 0xff, 0x93, 0x06, 0x00, 0x00,
    0x30, 0x02, 0x00, 0x00, 0x4f, 0x05, 0x00, 0x00, 0x9c, 0xfa, 0xff, 0xff,
    0xfe, 0x07, 0x00, 0x00, 0xc3, 0x08, 0x00, 0x00, 0xf4, 0x06, 0x00, 0x00,
    0xf8, 0x08, 0x00, 0x00, 0xcd, 0x09, 0x00, 0x00, 0x98, 0xfe, 0xff, 0xff,
    0x6b, 0x01, 0x00, 0x00, 0x00, 0x00, 0x00, 0x00, 0x8a, 0x04, 0x00, 0x00,
    0xab, 0xfc, 0xff, 0xff, 0xd8, 0x00, 0x00, 0x00, 0x1f, 0x02, 0x00, 0x00,
    0x1c, 0x04, 0x00, 0x00, 0x18, 0x03, 0x00, 0x00, 0xcc, 0x04, 0x00, 0x00,
    0x31, 0x0a, 0x00, 0x00, 0x00, 0x00, 0x00, 0x00, 0xc6, 0xfe, 0xff, 0xff,
    0x04, 0x00, 0x00, 0x00, 0x60, 0x00, 0x00, 0x00, 0x45, 0x60, 0x5e, 0x16,
    0xde, 0x7f, 0xe5, 0xef, 0x1a, 0x79, 0x59, 0xfe, 0xbb, 0x4c, 0xe2, 0xc1,
    0x91, 0xc7, 0xe6, 0xa5, 0x78, 0x24, 0x52, 0x61, 0x5e, 0x15, 0x2c, 0x1d,
    0x52, 0xdf, 0x03, 0xf4, 0xd6, 0x45, 0xbb, 0x3d, 0x7f, 0xab, 0x58, 0x18,
    0xc1, 0x87, 0x9c, 0xde, 0x28, 0x3a, 0x14, 0xab, 0xae, 0x7b, 0x83, 0x92,
    0xf4, 0x98, 0x5a, 0x8e, 0xe6, 0x29, 0x3a, 0x70, 0xcb, 0x34, 0x8c, 0xaf,
    0x21, 0x5e, 0x53, 0x90, 0x51, 0x32, 0x3a, 0xb2, 0x53, 0xb2, 0xfc, 0x68,
    0x37, 0x85, 0xe5, 0x55, 0x0c, 0x6a, 0x7f, 0x22, 0x1f, 0x1b, 0x50, 0xda,
    0x96, 0xfa, 0x90, 0x1f, 0x1d, 0xcd, 0x7f, 0xc7, 0x32, 0xff, 0xff, 0xff,
    0x04, 0x00, 0x00, 0x00, 0x0c, 0x00, 0x00, 0x00, 0x06, 0xfd, 0xff, 0xff,
    0xb4, 0x02, 0x00, 0x00, 0x92, 0xff, 0xff, 0xff, 0x4a, 0xff, 0xff, 0xff,
    0x04, 0x00, 0x00, 0x00, 0x08, 0x00, 0x00, 0x00, 0x01, 0x00, 0x00, 0x00,
    0x02, 0x00, 0x00, 0x00, 0xac, 0xcf, 0xff, 0xff, 0xb0, 0xcf, 0xff, 0xff,
    0x0f, 0x00, 0x00, 0x00, 0x4d, 0x4c, 0x49, 0x52, 0x20, 0x43, 0x6f, 0x6e,
    0x76, 0x65, 0x72, 0x74, 0x65, 0x64, 0x2e, 0x00, 0x01, 0x00, 0x00, 0x00,
    0x14, 0x00, 0x00, 0x00, 0x00, 0x00, 0x0e, 0x00, 0x18, 0x00, 0x14, 0x00,
    0x10, 0x00, 0x0c, 0x00, 0x08, 0x00, 0x04, 0x00, 0x0e, 0x00, 0x00, 0x00,
    0x14, 0x00, 0x00, 0x00, 0x1c, 0x00, 0x00, 0x00, 0x3c, 0x03, 0x00, 0x00,
    0x40, 0x03, 0x00, 0x00, 0x44, 0x03, 0x00, 0x00, 0x04, 0x00, 0x00, 0x00,
    0x6d, 0x61, 0x69, 0x6e, 0x00, 0x00, 0x00, 0x00, 0x0b, 0x00, 0x00, 0x00,
    0xd8, 0x02, 0x00, 0x00, 0x74, 0x02, 0x00, 0x00, 0x0c, 0x02, 0x00, 0x00,
    0xcc, 0x01, 0x00, 0x00, 0x88, 0x01, 0x00, 0x00, 0x30, 0x01, 0x00, 0x00,
    0xf0, 0x00, 0x00, 0x00, 0xbc, 0x00, 0x00, 0x00, 0x78, 0x00, 0x00, 0x00,
    0x40, 0x00, 0x00, 0x00, 0x04, 0x00, 0x00, 0x00, 0xc2, 0xfd, 0xff, 0xff,
    0x1c, 0x00, 0x00, 0x00, 0x00, 0x00, 0x00, 0x09, 0x1c, 0x00, 0x00, 0x00,
    0x20, 0x00, 0x00, 0x00, 0x05, 0x00, 0x00, 0x00, 0x00, 0x00, 0x06, 0x00,
    0x08, 0x00, 0x04, 0x00, 0x06, 0x00, 0x00, 0x00, 0x00, 0x00, 0x80, 0x3f,
    0x01, 0x00, 0x00, 0x00, 0x1a, 0x00, 0x00, 0x00, 0x01, 0x00, 0x00, 0x00,
    0x19, 0x00, 0x00, 0x00, 0xda, 0xfe, 0xff, 0xff, 0x14, 0x00, 0x00, 0x00,
    0x00, 0x00, 0x00, 0x08, 0x10, 0x00, 0x00, 0x00, 0x14, 0x00, 0x00, 0x00,
    0x04, 0x00, 0x00, 0x00, 0x84, 0xd0, 0xff, 0xff, 0x01, 0x00, 0x00, 0x00,
    0x19, 0x00, 0x00, 0x00, 0x03, 0x00, 0x00, 0x00, 0x18, 0x00, 0x00, 0x00,
    0x03, 0x00, 0x00, 0x00, 0x02, 0x00, 0x00, 0x00, 0x2e, 0xfe, 0xff, 0xff,
    0x1c, 0x00, 0x00, 0x00, 0x00, 0x00, 0x00, 0x08, 0x1c, 0x00, 0x00, 0x00,
    0x20, 0x00, 0x00, 0x00, 0x04, 0x00, 0x00, 0x00, 0x00, 0x00, 0x06, 0x00,
    0x08, 0x00, 0x07, 0x00, 0x06, 0x00, 0x00, 0x00, 0x00, 0x00, 0x00, 0x01,
    0x01, 0x00, 0x00, 0x00, 0x18, 0x00, 0x00, 0x00, 0x03, 0x00, 0x00, 0x00,
    0x17, 0x00, 0x00, 0x00, 0x05, 0x00, 0x00, 0x00, 0x04, 0x00, 0x00, 0x00,
    0x4e, 0xff, 0xff, 0xff, 0x14, 0x00, 0x00, 0x00, 0x00, 0x00, 0x00, 0x1b,
    0x10, 0x00, 0x00, 0x00, 0x14, 0x00, 0x00, 0x00, 0x03, 0x00, 0x00, 0x00,
    0xf8, 0xd0, 0xff, 0xff, 0x01, 0x00, 0x00, 0x00, 0x17, 0x00, 0x00, 0x00,
    0x02, 0x00, 0x00, 0x00, 0x16, 0x00, 0x00, 0x00, 0x01, 0x00, 0x00, 0x00,
    0x3e, 0xfe, 0xff, 0xff, 0x10, 0x00, 0x00, 0x00, 0x00, 0x00, 0x00, 0x01,
    0x18, 0x00, 0x00, 0x00, 0x1c, 0x00, 0x00, 0x00, 0x30, 0xfe, 0xff, 0xff,
    0x00, 0x00, 0x00, 0x01, 0x01, 0x00, 0x00, 0x00, 0x01, 0x00, 0x00, 0x00,
    0x01, 0x00, 0x00, 0x00, 0x16, 0x00, 0x00, 0x00, 0x03, 0x00, 0x00, 0x00,
    0x15, 0x00, 0x00, 0x00, 0x07, 0x00, 0x00, 0x00, 0x06, 0x00, 0x00, 0x00,
    0xba, 0xff, 0xff, 0xff, 0x14, 0x00, 0x00, 0x00, 0x00, 0x00, 0x00, 0x02,
    0x20, 0x00, 0x00, 0x00, 0x24, 0x00, 0x00, 0x00, 0x02, 0x00, 0x00, 0x00,
    0x2e, 0xff, 0xff, 0xff, 0x00, 0x00, 0x00, 0x01, 0x01, 0x00, 0x00, 0x00,
    0x01, 0x00, 0x00, 0x00, 0x01, 0x00, 0x00, 0x00, 0x01, 0x00, 0x00, 0x00,
    0x15, 0x00, 0x00, 0x00, 0x03, 0x00, 0x00, 0x00, 0x14, 0x00, 0x00, 0x00,
    0x09, 0x00, 0x00, 0x00, 0x08, 0x00, 0x00, 0x00, 0x00, 0x00, 0x0e, 0x00,
    0x18, 0x00, 0x14, 0x00, 0x10, 0x00, 0x0c, 0x00, 0x0b, 0x00, 0x04, 0x00,
    0x0e, 0x00, 0x00, 0x00, 0x14, 0x00, 0x00, 0x00, 0x00, 0x00, 0x00, 0x05,
    0x24, 0x00, 0x00, 0x00, 0x28, 0x00, 0x00, 0x00, 0x01, 0x00, 0x00, 0x00,
    0x1e, 0xff, 0xff, 0xff, 0x02, 0x00, 0x00, 0x00, 0x02, 0x00, 0x00, 0x00,
    0x02, 0x00, 0x00, 0x00, 0x02, 0x00, 0x00, 0x00, 0x00, 0x00, 0x00, 0x01,
    0x01, 0x00, 0x00, 0x00, 0x14, 0x00, 0x00, 0x00, 0x01, 0x00, 0x00, 0x00,
    0x13, 0x00, 0x00, 0x00, 0x0e, 0xff, 0xff, 0xff, 0x10, 0x00, 0x00, 0x00,
    0x00, 0x00, 0x00, 0x01, 0x18, 0x00, 0x00, 0x00, 0x1c, 0x00, 0x00, 0x00,
    0x00, 0xff, 0xff, 0xff, 0x00, 0x00, 0x00, 0x01, 0x01, 0x00, 0x00, 0x00,
    0x01, 0x00, 0x00, 0x00, 0x01, 0x00, 0x00, 0x00, 0x13, 0x00, 0x00, 0x00,
    0x03, 0x00, 0x00, 0x00, 0x12, 0x00, 0x00, 0x00, 0x0b, 0x00, 0x00, 0x00,
    0x0a, 0x00, 0x00, 0x00, 0xaa, 0xff, 0xff, 0xff, 0x24, 0x00, 0x00, 0x00,
    0x00, 0x00, 0x00, 0x02, 0x30, 0x00, 0x00, 0x00, 0x34, 0x00, 0x00, 0x00,
    0x02, 0x00, 0x00, 0x00, 0x00, 0x00, 0x0e, 0x00, 0x14, 0x00, 0x00, 0x00,
    0x10, 0x00, 0x0c, 0x00, 0x08, 0x00, 0x07, 0x00, 0x0e, 0x00, 0x00, 0x00,
    0x00, 0x00, 0x00, 0x01, 0x01, 0x00, 0x00, 0x00, 0x01, 0x00, 0x00, 0x00,
    0x01, 0x00, 0x00, 0x00, 0x01, 0x00, 0x00, 0x00, 0x12, 0x00, 0x00, 0x00,
    0x03, 0x00, 0x00, 0x00, 0x11, 0x00, 0x00, 0x00, 0x0d, 0x00, 0x00, 0x00,
    0x0c, 0x00, 0x00, 0x00, 0x00, 0x00, 0x0e, 0x00, 0x1a, 0x00, 0x14, 0x00,
    0x10, 0x00, 0x0c, 0x00, 0x0b, 0x00, 0x04, 0x00, 0x0e, 0x00, 0x00, 0x00,
    0x24, 0x00, 0x00, 0x00, 0x00, 0x00, 0x00, 0x05, 0x34, 0x00, 0x00, 0x00,
    0x38, 0x00, 0x00, 0x00, 0x01, 0x00, 0x00, 0x00, 0x00, 0x00, 0x0e, 0x00,
    0x18, 0x00, 0x17, 0x00, 0x10, 0x00, 0x0c, 0x00, 0x08, 0x00, 0x04, 0x00,
    0x0e, 0x00, 0x00, 0x00, 0x02, 0x00, 0x00, 0x00, 0x02, 0x00, 0x00, 0x00,
    0x02, 0x00, 0x00, 0x00, 0x02, 0x00, 0x00, 0x00, 0x00, 0x00, 0x00, 0x01,
    0x01, 0x00, 0x00, 0x00, 0x11, 0x00, 0x00, 0x00, 0x01, 0x00, 0x00, 0x00,
    0x10, 0x00, 0x00, 0x00, 0x00, 0x00, 0x0e, 0x00, 0x14, 0x00, 0x00, 0x00,
    0x10, 0x00, 0x0c, 0x00, 0x0b, 0x00, 0x04, 0x00, 0x0e, 0x00, 0x00, 0x00,
    0x1c, 0x00, 0x00, 0x00, 0x00, 0x00, 0x00, 0x01, 0x24, 0x00, 0x00, 0x00,
    0x28, 0x00, 0x00, 0x00, 0x0c, 0x00, 0x10, 0x00, 0x00, 0x00, 0x0c, 0x00,
    0x08, 0x00, 0x07, 0x00, 0x0c, 0x00, 0x00, 0x00, 0x00, 0x00, 0x00, 0x01,
    0x01, 0x00, 0x00, 0x00, 0x01, 0x00, 0x00, 0x00, 0x01, 0x00, 0x00, 0x00,
    0x10, 0x00, 0x00, 0x00, 0x03, 0x00, 0x00, 0x00, 0x00, 0x00, 0x00, 0x00,
    0x0f, 0x00, 0x00, 0x00, 0x0e, 0x00, 0x00, 0x00, 0x01, 0x00, 0x00, 0x00,
    0x1a, 0x00, 0x00, 0x00, 0x01, 0x00, 0x00, 0x00, 0x00, 0x00, 0x00, 0x00,
    0x1b, 0x00, 0x00, 0x00, 0x30, 0x2d, 0x00, 0x00, 0xa4, 0x2c, 0x00, 0x00,
    0x04, 0x2c, 0x00, 0x00, 0x78, 0x2b, 0x00, 0x00, 0x7c, 0x29, 0x00, 0x00,
    0x98, 0x27, 0x00, 0x00, 0x04, 0x23, 0x00, 0x00, 0x90, 0x1f, 0x00, 0x00,
    0x64, 0x1c, 0x00, 0x00, 0x98, 0x19, 0x00, 0x00, 0x6c, 0x16, 0x00, 0x00,
    0x78, 0x14, 0x00, 0x00, 0x0c, 0x12, 0x00, 0x00, 0x14, 0x10, 0x00, 0x00,
    0xd4, 0x0d, 0x00, 0x00, 0xa0, 0x0c, 0x00, 0x00, 0xec, 0x0a, 0x00, 0x00,
    0x50, 0x0a, 0x00, 0x00, 0x74, 0x08, 0x00, 0x00, 0xb0, 0x06, 0x00, 0x00,
    0x14, 0x06, 0x00, 0x00, 0x30, 0x04, 0x00, 0x00, 0x6c, 0x02, 0x00, 0x00,
    0xd8, 0x01, 0x00, 0x00, 0x24, 0x01, 0x00, 0x00, 0x80, 0x00, 0x00, 0x00,
    0x04, 0x00, 0x00, 0x00, 0x52, 0xd3, 0xff, 0xff, 0x00, 0x00, 0x00, 0x01,
    0x18, 0x00, 0x00, 0x00, 0x20, 0x00, 0x00, 0x00, 0x3c, 0x00, 0x00, 0x00,
    0x1b, 0x00, 0x00, 0x00, 0x00, 0x00, 0x00, 0x09, 0x50, 0x00, 0x00, 0x00,
    0x02, 0x00, 0x00, 0x00, 0xff, 0xff, 0xff, 0xff, 0x03, 0x00, 0x00, 0x00,
    0x34, 0xd3, 0xff, 0xff, 0x08, 0x00, 0x00, 0x00, 0x10, 0x00, 0x00, 0x00,
    0x01, 0x00, 0x00, 0x00, 0x80, 0xff, 0xff, 0xff, 0xff, 0xff, 0xff, 0xff,
    0x01, 0x00, 0x00, 0x00, 0x00, 0x00, 0x80, 0x3b, 0x1b, 0x00, 0x00, 0x00,
    0x53, 0x74, 0x61, 0x74, 0x65, 0x66, 0x75, 0x6c, 0x50, 0x61, 0x72, 0x74,
    0x69, 0x74, 0x69, 0x6f, 0x6e, 0x65, 0x64, 0x43, 0x61, 0x6c, 0x6c, 0x5f,
    0x31, 0x3a, 0x30, 0x00, 0x02, 0x00, 0x00, 0x00, 0x01, 0x00, 0x00, 0x00,
    0x03, 0x00, 0x00, 0x00, 0xca, 0xd3, 0xff, 0xff, 0x00, 0x00, 0x00, 0x01,
    0x18, 0x00, 0x00, 0x00, 0x20, 0x00, 0x00, 0x00, 0x40, 0x00, 0x00, 0x00,
    0x1a, 0x00, 0x00, 0x00, 0x00, 0x00, 0x00, 0x09, 0x78, 0x00, 0x00, 0x00,
    0x02, 0x00, 0x00, 0x00, 0xff, 0xff, 0xff, 0xff, 0x03, 0x00, 0x00, 0x00,
    0xac, 0xd3, 0xff, 0xff, 0x08, 0x00, 0x00, 0x00, 0x14, 0x00, 0x00, 0x00,
    0x01, 0x00, 0x00, 0x00, 0xdc, 0xff, 0xff, 0xff, 0xff, 0xff, 0xff, 0xff,
    0x00, 0x00, 0x00, 0x00, 0x01, 0x00, 0x00, 0x00, 0x76, 0xd0, 0x61, 0x3d,
    0x3c, 0x00, 0x00, 0x00, 0x73, 0x65, 0x71, 0x75, 0x65, 0x6e, 0x74, 0x69,
    0x61, 0x6c, 0x5f, 0x31, 0x2f, 0x64, 0x65, 0x6e, 0x73, 0x65, 0x5f, 0x31,
    0x5f, 0x32, 0x2f, 0x4d, 0x61, 0x74, 0x4d, 0x75, 0x6c, 0x3b, 0x73, 0x65,
    0x71, 0x75, 0x65, 0x6e, 0x74, 0x69, 0x61, 0x6c, 0x5f, 0x31, 0x2f, 0x64,
    0x65, 0x6e, 0x73, 0x65, 0x5f, 0x31, 0x5f, 0x32, 0x2f, 0x42, 0x69, 0x61,
    0x73, 0x41, 0x64, 0x64, 0x00, 0x00, 0x00, 0x00, 0x02, 0x00, 0x00, 0x00,
    0x01, 0x00, 0x00, 0x00, 0x03, 0x00, 0x00, 0x00, 0x6a, 0xd4, 0xff, 0xff,
    0x00, 0x00, 0x00, 0x01, 0x18, 0x00, 0x00, 0x00, 0x20, 0x00, 0x00, 0x00,
    0x3c, 0x00, 0x00, 0x00, 0x19, 0x00, 0x00, 0x00, 0x00, 0x00, 0x00, 0x09,
    0x88, 0x00, 0x00, 0x00, 0x02, 0x00, 0x00, 0x00, 0xff, 0xff, 0xff, 0xff,
    0x20, 0x00, 0x00, 0x00, 0x4c, 0xd4, 0xff, 0xff, 0x08, 0x00, 0x00, 0x00,
    0x10, 0x00, 0x00, 0x00, 0x01, 0x00, 0x00, 0x00, 0x80, 0xff, 0xff, 0xff,
    0xff, 0xff, 0xff, 0xff, 0x01, 0x00, 0x00, 0x00, 0x20, 0x59, 0x77, 0x3c,
    0x52, 0x00, 0x00, 0x00, 0x73, 0x65, 0x71, 0x75, 0x65, 0x6e, 0x74, 0x69,
    0x61, 0x6c, 0x5f, 0x31, 0x2f, 0x64, 0x65, 0x6e, 0x73, 0x65, 0x5f, 0x31,
    0x2f, 0x4d, 0x61, 0x74, 0x4d, 0x75, 0x6c, 0x3b, 0x73, 0x65, 0x71, 0x75,
    0x65, 0x6e, 0x74, 0x69, 0x61, 0x6c, 0x5f, 0x31, 0x2f, 0x64, 0x65, 0x6e,
    0x73, 0x65, 0x5f, 0x31, 0x2f, 0x52, 0x65, 0x6c, 0x75, 0x3b, 0x73, 0x65,
    0x71, 0x75, 0x65, 0x6e, 0x74, 0x69, 0x61, 0x6c, 0x5f, 0x31, 0x2f, 0x64,
    0x65, 0x6e, 0x73, 0x65, 0x5f, 0x31, 0x2f, 0x42, 0x69, 0x61, 0x73, 0x41,
    0x64, 0x64, 0x00, 0x00, 0x02, 0x00, 0x00, 0x00, 0x01, 0x00, 0x00, 0x00,
    0x20, 0x00, 0x00, 0x00, 0x1a, 0xd5, 0xff, 0xff, 0x00, 0x00, 0x00, 0x01,
    0x18, 0x00, 0x00, 0x00, 0x20, 0x00, 0x00, 0x00, 0x40, 0x00, 0x00, 0x00,
    0x18, 0x00, 0x00, 0x00, 0x00, 0x00, 0x00, 0x09, 0x68, 0x00, 0x00, 0x00,
    0x02, 0x00, 0x00, 0x00, 0xff, 0xff, 0xff, 0xff, 0x40, 0x00, 0x00, 0x00,
    0xfc, 0xd4, 0xff, 0xff, 0x08, 0x00, 0x00, 0x00, 0x14, 0x00, 0x00, 0x00,
    0x01, 0x00, 0x00, 0x00, 0x80, 0xff, 0xff, 0xff, 0xff, 0xff, 0xff, 0xff,
    0x00, 0x00, 0x00, 0x00, 0x01, 0x00, 0x00, 0x00, 0x68, 0x82, 0xff, 0x3b,
    0x2c, 0x00, 0x00, 0x00, 0x73, 0x65, 0x71, 0x75, 0x65, 0x6e, 0x74, 0x69,
    0x61, 0x6c, 0x5f, 0x31, 0x2f, 0x67, 0x6c, 0x6f, 0x62, 0x61, 0x6c, 0x5f,
    0x61, 0x76, 0x65, 0x72, 0x61, 0x67, 0x65, 0x5f, 0x70, 0x6f, 0x6f, 0x6c,
    0x69, 0x6e, 0x67, 0x32, 0x64, 0x5f, 0x31, 0x2f, 0x4d, 0x65, 0x61, 0x6e,
    0x00, 0x00, 0x00, 0x00, 0x02, 0x00, 0x00, 0x00, 0x01, 0x00, 0x00, 0x00,
    0x40, 0x00, 0x00, 0x00, 0xaa, 0xd5, 0xff, 0xff, 0x00, 0x00, 0x00, 0x01,
    0x18, 0x00, 0x00, 0x00, 0x28, 0x00, 0x00, 0x00, 0x44, 0x00, 0x00, 0x00,
    0x17, 0x00, 0x00, 0x00, 0x00, 0x00, 0x00, 0x09, 0x90, 0x01, 0x00, 0x00,
    0x04, 0x00, 0x00, 0x00, 0xff, 0xff, 0xff, 0xff, 0x03, 0x00, 0x00, 0x00,
    0x0f, 0x00, 0x00, 0x00, 0x40, 0x00, 0x00, 0x00, 0x94, 0xd5, 0xff, 0xff,
    0x08, 0x00, 0x00, 0x00, 0x10, 0x00, 0x00, 0x00, 0x01, 0x00, 0x00, 0x00,
    0x80, 0xff, 0xff, 0xff, 0xff, 0xff, 0xff, 0xff, 0x01, 0x00, 0x00, 0x00,
    0x57, 0x31, 0xe7, 0x3c, 0x50, 0x01, 0x00, 0x00, 0x73, 0x65, 0x71, 0x75,
    0x65, 0x6e, 0x74, 0x69, 0x61, 0x6c, 0x5f, 0x31, 0x2f, 0x72, 0x65, 0x5f,
    0x6c, 0x75, 0x5f, 0x34, 0x5f, 0x31, 0x2f, 0x52, 0x65, 0x6c, 0x75, 0x3b,
    0x73, 0x65, 0x71, 0x75, 0x65, 0x6e, 0x74, 0x69, 0x61, 0x6c, 0x5f, 0x31,
    0x2f, 0x62, 0x61, 0x74, 0x63, 0x68, 0x5f, 0x6e, 0x6f, 0x72, 0x6d, 0x61,
    0x6c, 0x69, 0x7a, 0x61, 0x74, 0x69, 0x6f, 0x6e, 0x5f, 0x34, 0x5f, 0x31,
    0x2f, 0x62, 0x61, 0x74, 0x63, 0x68, 0x6e, 0x6f, 0x72, 0x6d, 0x2f, 0x61,
    0x64, 0x64, 0x5f, 0x31, 0x3b, 0x73, 0x65, 0x71, 0x75, 0x65, 0x6e, 0x74,
    0x69, 0x61, 0x6c, 0x5f, 0x31, 0x2f, 0x62, 0x61, 0x74, 0x63, 0x68, 0x5f,
    0x6e, 0x6f, 0x72, 0x6d, 0x61, 0x6c, 0x69, 0x7a, 0x61, 0x74, 0x69, 0x6f,
    0x6e, 0x5f, 0x34, 0x5f, 0x31, 0x2f, 0x62, 0x61, 0x74, 0x63, 0x68, 0x6e,
    0x6f, 0x72, 0x6d, 0x2f, 0x6d, 0x75, 0x6c, 0x5f, 0x31, 0x3b, 0x73, 0x65,
    0x71, 0x75, 0x65, 0x6e, 0x74, 0x69, 0x61, 0x6c, 0x5f, 0x31, 0x2f, 0x63,
    0x6f, 0x6e, 0x76, 0x32, 0x64, 0x5f, 0x32, 0x5f, 0x31, 0x2f, 0x53, 0x71,
    0x75, 0x65, 0x65, 0x7a, 0x65, 0x3b, 0x73, 0x65, 0x71, 0x75, 0x65, 0x6e,
    0x74, 0x69, 0x61, 0x6c, 0x5f, 0x31, 0x2f, 0x63, 0x6f, 0x6e, 0x76, 0x32,
    0x64, 0x5f, 0x32, 0x5f, 0x31, 0x2f, 0x42, 0x69, 0x61, 0x73, 0x41, 0x64,
    0x64, 0x3b, 0x73, 0x65, 0x71, 0x75, 0x65, 0x6e, 0x74, 0x69, 0x61, 0x6c,
    0x5f, 0x31, 0x2f, 0x62, 0x61, 0x74, 0x63, 0x68, 0x5f, 0x6e, 0x6f, 0x72,
    0x6d, 0x61, 0x6c, 0x69, 0x7a, 0x61, 0x74, 0x69, 0x6f, 0x6e, 0x5f, 0x34,
    0x5f, 0x31, 0x2f, 0x62, 0x61, 0x74, 0x63, 0x68, 0x6e, 0x6f, 0x72, 0x6d,
    0x2f, 0x6d, 0x75, 0x6c, 0x3b, 0x73, 0x65, 0x71, 0x75, 0x65, 0x6e, 0x74,
    0x69, 0x61, 0x6c, 0x5f, 0x31, 0x2f, 0x63, 0x6f, 0x6e, 0x76, 0x32, 0x64,
    0x5f, 0x32, 0x5f, 0x31, 0x2f, 0x63, 0x6f, 0x6e, 0x76, 0x6f, 0x6c, 0x75,
    0x74, 0x69, 0x6f, 0x6e, 0x3b, 0x73, 0x65, 0x71, 0x75, 0x65, 0x6e, 0x74,
    0x69, 0x61, 0x6c, 0x5f, 0x31, 0x2f, 0x62, 0x61, 0x74, 0x63, 0x68, 0x5f,
    0x6e, 0x6f, 0x72, 0x6d, 0x61, 0x6c, 0x69, 0x7a, 0x61, 0x74, 0x69, 0x6f,
    0x6e, 0x5f, 0x34, 0x5f, 0x31, 0x2f, 0x62, 0x61, 0x74, 0x63, 0x68, 0x6e,
    0x6f, 0x72, 0x6d, 0x2f, 0x73, 0x75, 0x62, 0x31, 0x00, 0x00, 0x00, 0x00,
    0x04, 0x00, 0x00, 0x00, 0x01, 0x00, 0x00, 0x00, 0x03, 0x00, 0x00, 0x00,
    0x0f, 0x00, 0x00, 0x00, 0x40, 0x00, 0x00, 0x00, 0x6a, 0xd7, 0xff, 0xff,
    0x00, 0x00, 0x00, 0x01, 0x18, 0x00, 0x00, 0x00, 0x28, 0x00, 0x00, 0x00,
    0x48, 0x00, 0x00, 0x00, 0x16, 0x00, 0x00, 0x00, 0x00, 0x00, 0x00, 0x09,
    0xb0, 0x01, 0x00, 0x00, 0x04, 0x00, 0x00, 0x00, 0xff, 0xff, 0xff, 0xff,
    0x03, 0x00, 0x00, 0x00, 0x0f, 0x00, 0x00, 0x00, 0x20, 0x00, 0x00, 0x00,
    0x54, 0xd7, 0xff, 0xff, 0x08, 0x00, 0x00, 0x00, 0x14, 0x00, 0x00, 0x00,
    0x01, 0x00, 0x00, 0x00, 0x80, 0xff, 0xff, 0xff, 0xff, 0xff, 0xff, 0xff,
    0x00, 0x00, 0x00, 0x00, 0x01, 0x00, 0x00, 0x00, 0x5f, 0xc3, 0xc9, 0x3c,
    0x6c, 0x01, 0x00, 0x00, 0x73, 0x65, 0x71, 0x75, 0x65, 0x6e, 0x74, 0x69,
    0x61, 0x6c, 0x5f, 0x31, 0x2f, 0x72, 0x65, 0x5f, 0x6c, 0x75, 0x5f, 0x33,
    0x5f, 0x31, 0x2f, 0x52, 0x65, 0x6c, 0x75, 0x3b, 0x73, 0x65, 0x71, 0x75,
    0x65, 0x6e, 0x74, 0x69, 0x61, 0x6c, 0x5f, 0x31, 0x2f, 0x62, 0x61, 0x74,
    0x63, 0x68, 0x5f, 0x6e, 0x6f, 0x72, 0x6d, 0x61, 0x6c, 0x69, 0x7a, 0x61,
    0x74, 0x69, 0x6f, 0x6e, 0x5f, 0x33, 0x5f, 0x31, 0x2f, 0x62, 0x61, 0x74,
    0x63, 0x68, 0x6e, 0x6f, 0x72, 0x6d, 0x2f, 0x61, 0x64, 0x64, 0x5f, 0x31,
    0x3b, 0x73, 0x65, 0x71, 0x75, 0x65, 0x6e, 0x74, 0x69, 0x61, 0x6c, 0x5f,
    0x31, 0x2f, 0x62, 0x61, 0x74, 0x63, 0x68, 0x5f, 0x6e, 0x6f, 0x72, 0x6d,
    0x61, 0x6c, 0x69, 0x7a, 0x61, 0x74, 0x69, 0x6f, 0x6e, 0x5f, 0x33, 0x5f,
    0x31, 0x2f, 0x62, 0x61, 0x74, 0x63, 0x68, 0x6e, 0x6f, 0x72, 0x6d, 0x2f,
    0x6d, 0x75, 0x6c, 0x5f, 0x31, 0x3b, 0x73, 0x65, 0x71, 0x75, 0x65, 0x6e,
    0x74, 0x69, 0x61, 0x6c, 0x5f, 0x31, 0x2f, 0x64, 0x65, 0x70, 0x74, 0x68,
    0x77, 0x69, 0x73, 0x65, 0x5f, 0x63, 0x6f, 0x6e, 0x76, 0x32, 0x64, 0x5f,
    0x31, 0x5f, 0x32, 0x2f, 0x64, 0x65, 0x70, 0x74, 0x68, 0x77, 0x69, 0x73,
    0x65, 0x3b, 0x73, 0x65, 0x71, 0x75, 0x65, 0x6e, 0x74, 0x69, 0x61, 0x6c,
    0x5f, 0x31, 0x2f, 0x64, 0x65, 0x70, 0x74, 0x68, 0x77, 0x69, 0x73, 0x65,
    0x5f, 0x63, 0x6f, 0x6e, 0x76, 0x32, 0x64, 0x5f, 0x31, 0x5f, 0x32, 0x2f,
    0x42, 0x69, 0x61, 0x73, 0x41, 0x64, 0x64, 0x3b, 0x73, 0x65, 0x71, 0x75,
    0x65, 0x6e, 0x74, 0x69, 0x61, 0x6c, 0x5f, 0x31, 0x2f, 0x64, 0x65, 0x70,
    0x74, 0x68, 0x77, 0x69, 0x73, 0x65, 0x5f, 0x63, 0x6f, 0x6e, 0x76, 0x32,
    0x64, 0x5f, 0x31, 0x5f, 0x32, 0x2f, 0x53, 0x71, 0x75, 0x65, 0x65, 0x7a,
    0x65, 0x3b, 0x73, 0x65, 0x71, 0x75, 0x65, 0x6e, 0x74, 0x69, 0x61, 0x6c,
    0x5f, 0x31, 0x2f, 0x62, 0x61, 0x74, 0x63, 0x68, 0x5f, 0x6e, 0x6f, 0x72,
    0x6d, 0x61, 0x6c, 0x69, 0x7a, 0x61, 0x74, 0x69, 0x6f, 0x6e, 0x5f, 0x33,
    0x5f, 0x31, 0x2f, 0x62, 0x61, 0x74, 0x63, 0x68, 0x6e, 0x6f, 0x72, 0x6d,
    0x2f, 0x6d, 0x75, 0x6c, 0x3b, 0x73, 0x65, 0x71, 0x75, 0x65, 0x6e, 0x74,
    0x69, 0x61, 0x6c, 0x5f, 0x31, 0x2f, 0x62, 0x61, 0x74, 0x63, 0x68, 0x5f,
    0x6e, 0x6f, 0x72, 0x6d, 0x61, 0x6c, 0x69, 0x7a, 0x61, 0x74, 0x69, 0x6f,
    0x6e, 0x5f, 0x33, 0x5f, 0x31, 0x2f, 0x62, 0x61, 0x74, 0x63, 0x68, 0x6e,
    0x6f, 0x72, 0x6d, 0x2f, 0x73, 0x75, 0x62, 0x31, 0x00, 0x00, 0x00, 0x00,
    0x04, 0x00, 0x00, 0x00, 0x01, 0x00, 0x00, 0x00, 0x03, 0x00, 0x00, 0x00,
    0x0f, 0x00, 0x00, 0x00, 0x20, 0x00, 0x00, 0x00, 0x4a, 0xd9, 0xff, 0xff,
    0x00, 0x00, 0x00, 0x01, 0x18, 0x00, 0x00, 0x00, 0x28, 0x00, 0x00, 0x00,
    0x44, 0x00, 0x00, 0x00, 0x15, 0x00, 0x00, 0x00, 0x00, 0x00, 0x00, 0x09,
    0x68, 0x00, 0x00, 0x00, 0x04, 0x00, 0x00, 0x00, 0xff, 0xff, 0xff, 0xff,
    0x03, 0x00, 0x00, 0x00, 0x0f, 0x00, 0x00, 0x00, 0x20, 0x00, 0x00, 0x00,
    0x34, 0xd9, 0xff, 0xff, 0x08, 0x00, 0x00, 0x00, 0x10, 0x00, 0x00, 0x00,
    0x01, 0x00, 0x00, 0x00, 0x80, 0xff, 0xff, 0xff, 0xff, 0xff, 0xff, 0xff,
    0x01, 0x00, 0x00, 0x00, 0x6d, 0x34, 0x18, 0x3d, 0x28, 0x00, 0x00, 0x00,
    0x73, 0x65, 0x71, 0x75, 0x65, 0x6e, 0x74, 0x69, 0x61, 0x6c, 0x5f, 0x31,
    0x2f, 0x6d, 0x61, 0x78, 0x5f, 0x70, 0x6f, 0x6f, 0x6c, 0x69, 0x6e, 0x67,
    0x32, 0x64, 0x5f, 0x31, 0x5f, 0x32, 0x2f, 0x4d, 0x61, 0x78, 0x50, 0x6f,
    0x6f, 0x6c, 0x32, 0x64, 0x00, 0x00, 0x00, 0x00, 0x04, 0x00, 0x00, 0x00,
    0x01, 0x00, 0x00, 0x00, 0x03, 0x00, 0x00, 0x00, 0x0f, 0x00, 0x00, 0x00,
    0x20, 0x00, 0x00, 0x00, 0xe2, 0xd9, 0xff, 0xff, 0x00, 0x00, 0x00, 0x01,
    0x18, 0x00, 0x00, 0x00, 0x28, 0x00, 0x00, 0x00, 0x44, 0x00, 0x00, 0x00,
    0x14, 0x00, 0x00, 0x00, 0x00, 0x00, 0x00, 0x09, 0x90, 0x01, 0x00, 0x00,
    0x04, 0x00, 0x00, 0x00, 0xff, 0xff, 0xff, 0xff, 0x06, 0x00, 0x00, 0x00,
    0x1f, 0x00, 0x00, 0x00, 0x20, 0x00, 0x00, 0x00, 0xcc, 0xd9, 0xff, 0xff,
    0x08, 0x00, 0x00, 0x00, 0x10, 0x00, 0x00, 0x00, 0x01, 0x00, 0x00, 0x00,
    0x80, 0xff, 0xff, 0xff, 0xff, 0xff, 0xff, 0xff, 0x01, 0x00, 0x00, 0x00,
    0x6d, 0x34, 0x18, 0x3d, 0x50, 0x01, 0x00, 0x00, 0x73, 0x65, 0x71, 0x75,
    0x65, 0x6e, 0x74, 0x69, 0x61, 0x6c, 0x5f, 0x31, 0x2f, 0x72, 0x65, 0x5f,
    0x6c, 0x75, 0x5f, 0x32, 0x5f, 0x31, 0x2f, 0x52, 0x65, 0x6c, 0x75, 0x3b,
    0x73, 0x65, 0x71, 0x75, 0x65, 0x6e, 0x74, 0x69, 0x61, 0x6c, 0x5f, 0x31,
    0x2f, 0x62, 0x61, 0x74, 0x63, 0x68, 0x5f, 0x6e, 0x6f, 0x72, 0x6d, 0x61,
    0x6c, 0x69, 0x7a, 0x61, 0x74, 0x69, 0x6f, 0x6e, 0x5f, 0x32, 0x5f, 0x31,
    0x2f, 0x62, 0x61, 0x74, 0x63, 0x68, 0x6e, 0x6f, 0x72, 0x6d, 0x2f, 0x61,
    0x64, 0x64, 0x5f, 0x31, 0x3b, 0x73, 0x65, 0x71, 0x75, 0x65, 0x6e, 0x74,
    0x69, 0x61, 0x6c, 0x5f, 0x31, 0x2f, 0x62, 0x61, 0x74, 0x63, 0x68, 0x5f,
    0x6e, 0x6f, 0x72, 0x6d, 0x61, 0x6c, 0x69, 0x7a, 0x61, 0x74, 0x69, 0x6f,
    0x6e, 0x5f, 0x32, 0x5f, 0x31, 0x2f, 0x62, 0x61, 0x74, 0x63, 0x68, 0x6e,
    0x6f, 0x72, 0x6d, 0x2f, 0x6d, 0x75, 0x6c, 0x5f, 0x31, 0x3b, 0x73, 0x65,
    0x71, 0x75, 0x65, 0x6e, 0x74, 0x69, 0x61, 0x6c, 0x5f, 0x31, 0x2f, 0x63,
    0x6f, 0x6e, 0x76, 0x32, 0x64, 0x5f, 0x31, 0x5f, 0x32, 0x2f, 0x53, 0x71,
    0x75, 0x65, 0x65, 0x7a, 0x65, 0x3b, 0x73, 0x65, 0x71, 0x75, 0x65, 0x6e,
    0x74, 0x69, 0x61, 0x6c, 0x5f, 0x31, 0x2f, 0x63, 0x6f, 0x6e, 0x76, 0x32,
    0x64, 0x5f, 0x31, 0x5f, 0x32, 0x2f, 0x42, 0x69, 0x61, 0x73, 0x41, 0x64,
    0x64, 0x3b, 0x73, 0x65, 0x71, 0x75, 0x65, 0x6e, 0x74, 0x69, 0x61, 0x6c,
    0x5f, 0x31, 0x2f, 0x62, 0x61, 0x74, 0x63, 0x68, 0x5f, 0x6e, 0x6f, 0x72,
    0x6d, 0x61, 0x6c, 0x69, 0x7a, 0x61, 0x74, 0x69, 0x6f, 0x6e, 0x5f, 0x32,
    0x5f, 0x31, 0x2f, 0x62, 0x61, 0x74, 0x63, 0x68, 0x6e, 0x6f, 0x72, 0x6d,
    0x2f, 0x6d, 0x75, 0x6c, 0x3b, 0x73, 0x65, 0x71, 0x75, 0x65, 0x6e, 0x74,
    0x69, 0x61, 0x6c, 0x5f, 0x31, 0x2f, 0x63, 0x6f, 0x6e, 0x76, 0x32, 0x64,
    0x5f, 0x31, 0x5f, 0x32, 0x2f, 0x63, 0x6f, 0x6e, 0x76, 0x6f, 0x6c, 0x75,
    0x74, 0x69, 0x6f, 0x6e, 0x3b, 0x73, 0x65, 0x71, 0x75, 0x65, 0x6e, 0x74,
    0x69, 0x61, 0x6c, 0x5f, 0x31, 0x2f, 0x62, 0x61, 0x74, 0x63, 0x68, 0x5f,
    0x6e, 0x6f, 0x72, 0x6d, 0x61, 0x6c, 0x69, 0x7a, 0x61, 0x74, 0x69, 0x6f,
    0x6e, 0x5f, 0x32, 0x5f, 0x31, 0x2f, 0x62, 0x61, 0x74, 0x63, 0x68, 0x6e,
    0x6f, 0x72, 0x6d, 0x2f, 0x73, 0x75, 0x62, 0x31, 0x00, 0x00, 0x00, 0x00,
    0x04, 0x00, 0x00, 0x00, 0x01, 0x00, 0x00, 0x00, 0x06, 0x00, 0x00, 0x00,
    0x1f, 0x00, 0x00, 0x00, 0x20, 0x00, 0x00, 0x00, 0xa2, 0xdb, 0xff, 0xff,
    0x00, 0x00, 0x00, 0x01, 0x18, 0x00, 0x00, 0x00, 0x28, 0x00, 0x00, 0x00,
    0x48, 0x00, 0x00, 0x00, 0x13, 0x00, 0x00, 0x00, 0x00, 0x00, 0x00, 0x09,
    0xa8, 0x01, 0x00, 0x00, 0x04, 0x00, 0x00, 0x00, 0xff, 0xff, 0xff, 0xff,
    0x06, 0x00, 0x00, 0x00, 0x1f, 0x00, 0x00, 0x00, 0x10, 0x00, 0x00, 0x00,
    0x8c, 0xdb, 0xff, 0xff, 0x08, 0x00, 0x00, 0x00, 0x14, 0x00, 0x00, 0x00,
    0x01, 0x00, 0x00, 0x00, 0x80, 0xff, 0xff, 0xff, 0xff, 0xff, 0xff, 0xff,
    0x00, 0x00, 0x00, 0x00, 0x01, 0x00, 0x00, 0x00, 0xac, 0x95, 0x11, 0x3d,
    0x66, 0x01, 0x00, 0x00, 0x73, 0x65, 0x71, 0x75, 0x65, 0x6e, 0x74, 0x69,
    0x61, 0x6c, 0x5f, 0x31, 0x2f, 0x72, 0x65, 0x5f, 0x6c, 0x75, 0x5f, 0x31,
    0x5f, 0x32, 0x2f, 0x52, 0x65, 0x6c, 0x75, 0x3b, 0x73, 0x65, 0x71, 0x75,
    0x65, 0x6e, 0x74, 0x69, 0x61, 0x6c, 0x5f, 0x31, 0x2f, 0x62, 0x61, 0x74,
    0x63, 0x68, 0x5f, 0x6e, 0x6f, 0x72, 0x6d, 0x61, 0x6c, 0x69, 0x7a, 0x61,
    0x74, 0x69, 0x6f, 0x6e, 0x5f, 0x31, 0x5f, 0x32, 0x2f, 0x62, 0x61, 0x74,
    0x63, 0x68, 0x6e, 0x6f, 0x72, 0x6d, 0x2f, 0x61, 0x64, 0x64, 0x5f, 0x31,
    0x3b, 0x73, 0x65, 0x71, 0x75, 0x65, 0x6e, 0x74, 0x69, 0x61, 0x6c, 0x5f,
    0x31, 0x2f, 0x62, 0x61, 0x74, 0x63, 0x68, 0x5f, 0x6e, 0x6f, 0x72, 0x6d,
    0x61, 0x6c, 0x69, 0x7a, 0x61, 0x74, 0x69, 0x6f, 0x6e, 0x5f, 0x31, 0x5f,
    0x32, 0x2f, 0x62, 0x61, 0x74, 0x63, 0x68, 0x6e, 0x6f, 0x72, 0x6d, 0x2f,
    0x6d, 0x75, 0x6c, 0x5f, 0x31, 0x3b, 0x73, 0x65, 0x71, 0x75, 0x65, 0x6e,
    0x74, 0x69, 0x61, 0x6c, 0x5f, 0x31, 0x2f, 0x64, 0x65, 0x70, 0x74, 0x68,
    0x77, 0x69, 0x73, 0x65, 0x5f, 0x63, 0x6f, 0x6e, 0x76, 0x32, 0x64, 0x5f,
    0x31, 0x2f, 0x64, 0x65, 0x70, 0x74, 0x68, 0x77, 0x69, 0x73, 0x65, 0x3b,
    0x73, 0x65, 0x71, 0x75, 0x65, 0x6e, 0x74, 0x69, 0x61, 0x6c, 0x5f, 0x31,
    0x2f, 0x64, 0x65, 0x70, 0x74, 0x68, 0x77, 0x69, 0x73, 0x65, 0x5f, 0x63,
    0x6f, 0x6e, 0x76, 0x32, 0x64, 0x5f, 0x31, 0x2f, 0x42, 0x69, 0x61, 0x73,
    0x41, 0x64, 0x64, 0x3b, 0x73, 0x65, 0x71, 0x75, 0x65, 0x6e, 0x74, 0x69,
    0x61, 0x6c, 0x5f, 0x31, 0x2f, 0x64, 0x65, 0x70, 0x74, 0x68, 0x77, 0x69,
    0x73, 0x65, 0x5f, 0x63, 0x6f, 0x6e, 0x76, 0x32, 0x64, 0x5f, 0x31, 0x2f,
    0x53, 0x71, 0x75, 0x65, 0x65, 0x7a, 0x65, 0x3b, 0x73, 0x65, 0x71, 0x75,
    0x65, 0x6e, 0x74, 0x69, 0x61, 0x6c, 0x5f, 0x31, 0x2f, 0x62, 0x61, 0x74,
    0x63, 0x68, 0x5f, 0x6e, 0x6f, 0x72, 0x6d, 0x61, 0x6c, 0x69, 0x7a, 0x61,
    0x74, 0x69, 0x6f, 0x6e, 0x5f, 0x31, 0x5f, 0x32, 0x2f, 0x62, 0x61, 0x74,
    0x63, 0x68, 0x6e, 0x6f, 0x72, 0x6d, 0x2f, 0x6d, 0x75, 0x6c, 0x3b, 0x73,
    0x65, 0x71, 0x75, 0x65, 0x6e, 0x74, 0x69, 0x61, 0x6c, 0x5f, 0x31, 0x2f,
    0x62, 0x61, 0x74, 0x63, 0x68, 0x5f, 0x6e, 0x6f, 0x72, 0x6d, 0x61, 0x6c,
    0x69, 0x7a, 0x61, 0x74, 0x69, 0x6f, 0x6e, 0x5f, 0x31, 0x5f, 0x32, 0x2f,
    0x62, 0x61, 0x74, 0x63, 0x68, 0x6e, 0x6f, 0x72, 0x6d, 0x2f, 0x73, 0x75,
    0x62, 0x31, 0x00, 0x00, 0x04, 0x00, 0x00, 0x00, 0x01, 0x00, 0x00, 0x00,
    0x06, 0x00, 0x00, 0x00, 0x1f, 0x00, 0x00, 0x00, 0x10, 0x00, 0x00, 0x00,
    0x7a, 0xdd, 0xff, 0xff, 0x00, 0x00, 0x00, 0x01, 0x18, 0x00, 0x00, 0x00,
    0x28, 0x00, 0x00, 0x00, 0x48, 0x00, 0x00, 0x00, 0x12, 0x00, 0x00, 0x00,
    0x00, 0x00, 0x00, 0x09, 0x68, 0x00, 0x00, 0x00, 0x04, 0x00, 0x00, 0x00,
    0xff, 0xff, 0xff, 0xff, 0x06, 0x00, 0x00, 0x00, 0x1f, 0x00, 0x00, 0x00,
    0x10, 0x00, 0x00, 0x00, 0x64, 0xdd, 0xff, 0xff, 0x08, 0x00, 0x00, 0x00,
    0x14, 0x00, 0x00, 0x00, 0x01, 0x00, 0x00, 0x00, 0x80, 0xff, 0xff, 0xff,
    0xff, 0xff, 0xff, 0xff, 0x00, 0x00, 0x00, 0x00, 0x01, 0x00, 0x00, 0x00,
    0x37, 0x85, 0x09, 0x3d, 0x26, 0x00, 0x00, 0x00, 0x73, 0x65, 0x71, 0x75,
    0x65, 0x6e, 0x74, 0x69, 0x61, 0x6c, 0x5f, 0x31, 0x2f, 0x6d, 0x61, 0x78,
    0x5f, 0x70, 0x6f, 0x6f, 0x6c, 0x69, 0x6e, 0x67, 0x32, 0x64, 0x5f, 0x31,
    0x2f, 0x4d, 0x61, 0x78, 0x50, 0x6f, 0x6f, 0x6c, 0x32, 0x64, 0x00, 0x00,
    0x04, 0x00, 0x00, 0x00, 0x01, 0x00, 0x00, 0x00, 0x06, 0x00, 0x00, 0x00,
    0x1f, 0x00, 0x00, 0x00, 0x10, 0x00, 0x00, 0x00, 0x12, 0xde, 0xff, 0xff,
    0x00, 0x00, 0x00, 0x01, 0x18, 0x00, 0x00, 0x00, 0x28, 0x00, 0x00, 0x00,
    0x44, 0x00, 0x00, 0x00, 0x11, 0x00, 0x00, 0x00, 0x00, 0x00, 0x00, 0x09,
    0x80, 0x01, 0x00, 0x00, 0x04, 0x00, 0x00, 0x00, 0xff, 0xff, 0xff, 0xff,
    0x0d, 0x00, 0x00, 0x00, 0x3f, 0x00, 0x00, 0x00, 0x10, 0x00, 0x00, 0x00,
    0xfc, 0xdd, 0xff, 0xff, 0x08, 0x00, 0x00, 0x00, 0x10, 0x00, 0x00, 0x00,
    0x01, 0x00, 0x00, 0x00, 0x80, 0xff, 0xff, 0xff, 0xff, 0xff, 0xff, 0xff,
    0x01, 0x00, 0x00, 0x00, 0x37, 0x85, 0x09, 0x3d, 0x40, 0x01, 0x00, 0x00,
    0x73, 0x65, 0x71, 0x75, 0x65, 0x6e, 0x74, 0x69, 0x61, 0x6c, 0x5f, 0x31,
    0x2f, 0x72, 0x65, 0x5f, 0x6c, 0x75, 0x5f, 0x31, 0x2f, 0x52, 0x65, 0x6c,
    0x75, 0x3b, 0x73, 0x65, 0x71, 0x75, 0x65, 0x6e, 0x74, 0x69, 0x61, 0x6c,
    0x5f, 0x31, 0x2f, 0x62, 0x61, 0x74, 0x63, 0x68, 0x5f, 0x6e, 0x6f, 0x72,
    0x6d, 0x61, 0x6c, 0x69, 0x7a, 0x61, 0x74, 0x69, 0x6f, 0x6e, 0x5f, 0x31,
    0x2f, 0x62, 0x61, 0x74, 0x63, 0x68, 0x6e, 0x6f, 0x72, 0x6d, 0x2f, 0x61,
    0x64, 0x64, 0x5f, 0x31, 0x3b, 0x73, 0x65, 0x71, 0x75, 0x65, 0x6e, 0x74,
    0x69, 0x61, 0x6c, 0x5f, 0x31, 0x2f, 0x62, 0x61, 0x74, 0x63, 0x68, 0x5f,
    0x6e, 0x6f, 0x72, 0x6d, 0x61, 0x6c, 0x69, 0x7a, 0x61, 0x74, 0x69, 0x6f,
    0x6e, 0x5f, 0x31, 0x2f, 0x62, 0x61, 0x74, 0x63, 0x68, 0x6e, 0x6f, 0x72,
    0x6d, 0x2f, 0x6d, 0x75, 0x6c, 0x5f, 0x31, 0x3b, 0x73, 0x65, 0x71, 0x75,
    0x65, 0x6e, 0x74, 0x69, 0x61, 0x6c, 0x5f, 0x31, 0x2f, 0x63, 0x6f, 0x6e,
    0x76, 0x32, 0x64, 0x5f, 0x31, 0x2f, 0x53, 0x71, 0x75, 0x65, 0x65, 0x7a,
    0x65, 0x3b, 0x73, 0x65, 0x71, 0x75, 0x65, 0x6e, 0x74, 0x69, 0x61, 0x6c,
    0x5f, 0x31, 0x2f, 0x63, 0x6f, 0x6e, 0x76, 0x32, 0x64, 0x5f, 0x31, 0x2f,
    0x42, 0x69, 0x61, 0x73, 0x41, 0x64, 0x64, 0x3b, 0x73, 0x65, 0x71, 0x75,
    0x65, 0x6e, 0x74, 0x69, 0x61, 0x6c, 0x5f, 0x31, 0x2f, 0x62, 0x61, 0x74,
    0x63, 0x68, 0x5f, 0x6e, 0x6f, 0x72, 0x6d, 0x61, 0x6c, 0x69, 0x7a, 0x61,
    0x74, 0x69, 0x6f, 0x6e, 0x5f, 0x31, 0x2f, 0x62, 0x61, 0x74, 0x63, 0x68,
    0x6e, 0x6f, 0x72, 0x6d, 0x2f, 0x6d, 0x75, 0x6c, 0x3b, 0x73, 0x65, 0x71,
    0x75, 0x65, 0x6e, 0x74, 0x69, 0x61, 0x6c, 0x5f, 0x31, 0x2f, 0x63, 0x6f,
    0x6e, 0x76, 0x32, 0x64, 0x5f, 0x31, 0x2f, 0x63, 0x6f, 0x6e, 0x76, 0x6f,
    0x6c, 0x75, 0x74, 0x69, 0x6f, 0x6e, 0x3b, 0x73, 0x65, 0x71, 0x75, 0x65,
    0x6e, 0x74, 0x69, 0x61, 0x6c, 0x5f, 0x31, 0x2f, 0x62, 0x61, 0x74, 0x63,
    0x68, 0x5f, 0x6e, 0x6f, 0x72, 0x6d, 0x61, 0x6c, 0x69, 0x7a, 0x61, 0x74,
    0x69, 0x6f, 0x6e, 0x5f, 0x31, 0x2f, 0x62, 0x61, 0x74, 0x63, 0x68, 0x6e,
    0x6f, 0x72, 0x6d, 0x2f, 0x73, 0x75, 0x62, 0x31, 0x00, 0x00, 0x00, 0x00,
    0x04, 0x00, 0x00, 0x00, 0x01, 0x00, 0x00, 0x00, 0x0d, 0x00, 0x00, 0x00,
    0x3f, 0x00, 0x00, 0x00, 0x10, 0x00, 0x00, 0x00, 0x4a, 0xe0, 0xff, 0xff,
    0x00, 0x00, 0x00, 0x01, 0x14, 0x00, 0x00, 0x00, 0xe8, 0x00, 0x00, 0x00,
    0x10, 0x00, 0x00, 0x00, 0x00, 0x00, 0x00, 0x09, 0x04, 0x01, 0x00, 0x00,
    0x94, 0xdf, 0xff, 0xff, 0x08, 0x00, 0x00, 0x00, 0x8c, 0x00, 0x00, 0x00,
    0x10, 0x00, 0x00, 0x00, 0x00, 0x00, 0x00, 0x00, 0x00, 0x00, 0x00, 0x00,
    0x00, 0x00, 0x00, 0x00, 0x00, 0x00, 0x00, 0x00, 0x00, 0x00, 0x00, 0x00,
    0x00, 0x00, 0x00, 0x00, 0x00, 0x00, 0x00, 0x00, 0x00, 0x00, 0x00, 0x00,
    0x00, 0x00, 0x00, 0x00, 0x00, 0x00, 0x00, 0x00, 0x00, 0x00, 0x00, 0x00,
    0x00, 0x00, 0x00, 0x00, 0x00, 0x00, 0x00, 0x00, 0x00, 0x00, 0x00, 0x00,
    0x00, 0x00, 0x00, 0x00, 0x00, 0x00, 0x00, 0x00, 0x00, 0x00, 0x00, 0x00,
    0x00, 0x00, 0x00, 0x00, 0x00, 0x00, 0x00, 0x00, 0x00, 0x00, 0x00, 0x00,
    0x00, 0x00, 0x00, 0x00, 0x00, 0x00, 0x00, 0x00, 0x00, 0x00, 0x00, 0x00,
    0x00, 0x00, 0x00, 0x00, 0x00, 0x00, 0x00, 0x00, 0x00, 0x00, 0x00, 0x00,
    0x00, 0x00, 0x00, 0x00, 0x00, 0x00, 0x00, 0x00, 0x00, 0x00, 0x00, 0x00,
    0x00, 0x00, 0x00, 0x00, 0x00, 0x00, 0x00, 0x00, 0x00, 0x00, 0x00, 0x00,
    0x00, 0x00, 0x00, 0x00, 0x10, 0x00, 0x00, 0x00, 0xde, 0x01, 0x76, 0x3b,
    0x52, 0x85, 0x76, 0x3b, 0x36, 0x26, 0xa4, 0x3b, 0xad, 0x38, 0x9a, 0x3b,
    0xc7, 0x5e, 0x7d, 0x3b, 0x0d, 0xd6, 0xc9, 0x3b, 0xf9, 0x8c, 0x79, 0x3b,
    0x5e, 0x07, 0x95, 0x3b, 0x46, 0x06, 0x64, 0x3b, 0x49, 0x9e, 0x8d, 0x3b,
    0xbb, 0xe7, 0x96, 0x3b, 0xac, 0x44, 0x4c, 0x3b, 0x45, 0xd2, 0x89, 0x3b,
    0x0f, 0xe1, 0x94, 0x3b, 0xf2, 0xfe, 0x5d, 0x3b, 0x4a, 0xce, 0xc3, 0x3b,
    0x21, 0x00, 0x00, 0x00, 0x73, 0x65, 0x71, 0x75, 0x65, 0x6e, 0x74, 0x69,
    0x61, 0x6c, 0x5f, 0x31, 0x2f, 0x63, 0x6f, 0x6e, 0x76, 0x32, 0x64, 0x5f,
    0x31, 0x2f, 0x63, 0x6f, 0x6e, 0x76, 0x6f, 0x6c, 0x75, 0x74, 0x69, 0x6f,
    0x6e, 0x00, 0x00, 0x00, 0x04, 0x00, 0x00, 0x00, 0x10, 0x00, 0x00, 0x00,
    0x03, 0x00, 0x00, 0x00, 0x03, 0x00, 0x00, 0x00, 0x01, 0x00, 0x00, 0x00,
    0x7a, 0xe1, 0xff, 0xff, 0x00, 0x00, 0x00, 0x01, 0x14, 0x00, 0x00, 0x00,
    0xe4, 0x00, 0x00, 0x00, 0x0f, 0x00, 0x00, 0x00, 0x00, 0x00, 0x00, 0x02,
    0x1c, 0x02, 0x00, 0x00, 0xc4, 0xe0, 0xff, 0xff, 0x08, 0x00, 0x00, 0x00,
    0x88, 0x00, 0x00, 0x00, 0x10, 0x00, 0x00, 0x00, 0x00, 0x00, 0x00, 0x00,
    0x00, 0x00, 0x00, 0x00, 0x00, 0x00, 0x00, 0x00, 0x00, 0x00, 0x00, 0x00,
    0x00, 0x00, 0x00, 0x00, 0x00, 0x00, 0x00, 0x00, 0x00, 0x00, 0x00, 0x00,
    0x00, 0x00, 0x00, 0x00, 0x00, 0x00, 0x00, 0x00, 0x00, 0x00, 0x00, 0x00,
    0x00, 0x00, 0x00, 0x00, 0x00, 0x00, 0x00, 0x00, 0x00, 0x00, 0x00, 0x00,
    0x00, 0x00, 0x00, 0x00, 0x00, 0x00, 0x00, 0x00, 0x00, 0x00, 0x00, 0x00,
    0x00, 0x00, 0x00, 0x00, 0x00, 0x00, 0x00, 0x00, 0x00, 0x00, 0x00, 0x00,
    0x00, 0x00, 0x00, 0x00, 0x00, 0x00, 0x00, 0x00, 0x00, 0x00, 0x00, 0x00,
    0x00, 0x00, 0x00, 0x00, 0x00, 0x00, 0x00, 0x00, 0x00, 0x00, 0x00, 0x00,
    0x00, 0x00, 0x00, 0x00, 0x00, 0x00, 0x00, 0x00, 0x00, 0x00, 0x00, 0x00,
    0x00, 0x00, 0x00, 0x00, 0x00, 0x00, 0x00, 0x00, 0x00, 0x00, 0x00, 0x00,
    0x00, 0x00, 0x00, 0x00, 0x10, 0x00, 0x00, 0x00, 0xa9, 0x42, 0x52, 0x39,
    0x03, 0xb3, 0x52, 0x39, 0x09, 0x4c, 0x8c, 0x39, 0xce, 0xcf, 0x83, 0x39,
    0xad, 0x8d, 0x58, 0x39, 0xf6, 0x81, 0xac, 0x39, 0xf4, 0x49, 0x55, 0x39,
    0x50, 0xbf, 0x7e, 0x39, 0x02, 0xe4, 0x42, 0x39, 0x79, 0x14, 0x72, 0x39,
    0x38, 0xfa, 0x80, 0x39, 0x1d, 0x96, 0x2e, 0x39, 0xed, 0x96, 0x6b, 0x39,
    0xd4, 0x7d, 0x7e, 0x39, 0xf0, 0xbc, 0x3d, 0x39, 0x86, 0x5a, 0xa7, 0x39,
    0x3f, 0x01, 0x00, 0x00, 0x73, 0x65, 0x71, 0x75, 0x65, 0x6e, 0x74, 0x69,
    0x61, 0x6c, 0x5f, 0x31, 0x2f, 0x72, 0x65, 0x5f, 0x6c, 0x75, 0x5f, 0x31,
    0x2f, 0x52, 0x65, 0x6c, 0x75, 0x3b, 0x73, 0x65, 0x71, 0x75, 0x65, 0x6e,
    0x74, 0x69, 0x61, 0x6c, 0x5f, 0x31, 0x2f, 0x62, 0x61, 0x74, 0x63, 0x68,
    0x5f, 0x6e, 0x6f, 0x72, 0x6d, 0x61, 0x6c, 0x69, 0x7a, 0x61, 0x74, 0x69,
    0x6f, 0x6e, 0x5f, 0x31, 0x2f, 0x62, 0x61, 0x74, 0x63, 0x68, 0x6e, 0x6f,
    0x72, 0x6d, 0x2f, 0x61, 0x64, 0x64, 0x5f, 0x31, 0x3b, 0x73, 0x65, 0x71,
    0x75, 0x65, 0x6e, 0x74, 0x69, 0x61, 0x6c, 0x5f, 0x31, 0x2f, 0x62, 0x61,
    0x74, 0x63, 0x68, 0x5f, 0x6e, 0x6f, 0x72, 0x6d, 0x61, 0x6c, 0x69, 0x7a,
    0x61, 0x74, 0x69, 0x6f, 0x6e, 0x5f, 0x31, 0x2f, 0x62, 0x61, 0x74, 0x63,
    0x68, 0x6e, 0x6f, 0x72, 0x6d, 0x2f, 0x6d, 0x75, 0x6c, 0x5f, 0x31, 0x3b,
    0x73, 0x65, 0x71, 0x75, 0x65, 0x6e, 0x74, 0x69, 0x61, 0x6c, 0x5f, 0x31,
    0x2f, 0x63, 0x6f, 0x6e, 0x76, 0x32, 0x64, 0x5f, 0x31, 0x2f, 0x53, 0x71,
    0x75, 0x65, 0x65, 0x7a, 0x65, 0x3b, 0x73, 0x65, 0x71, 0x75, 0x65, 0x6e,
    0x74, 0x69, 0x61, 0x6c, 0x5f, 0x31, 0x2f, 0x63, 0x6f, 0x6e, 0x76, 0x32,
    0x64, 0x5f, 0x31, 0x2f, 0x42, 0x69, 0x61, 0x73, 0x41, 0x64, 0x64, 0x3b,
    0x73, 0x65, 0x71, 0x75, 0x65, 0x6e, 0x74, 0x69, 0x61, 0x6c, 0x5f, 0x31,
    0x2f, 0x62, 0x61, 0x74, 0x63, 0x68, 0x5f, 0x6e, 0x6f, 0x72, 0x6d, 0x61,
    0x6c, 0x69, 0x7a, 0x61, 0x74, 0x69, 0x6f, 0x6e, 0x5f, 0x31, 0x2f, 0x62,
    0x61, 0x74, 0x63, 0x68, 0x6e, 0x6f, 0x72, 0x6d, 0x2f, 0x6d, 0x75, 0x6c,
    0x3b, 0x73, 0x65, 0x71, 0x75, 0x65, 0x6e, 0x74, 0x69, 0x61, 0x6c, 0x5f,
    0x31, 0x2f, 0x63, 0x6f, 0x6e, 0x76, 0x32, 0x64, 0x5f, 0x31, 0x2f, 0x63,
    0x6f, 0x6e, 0x76, 0x6f, 0x6c, 0x75, 0x74, 0x69, 0x6f, 0x6e, 0x3b, 0x73,
    0x65, 0x71, 0x75, 0x65, 0x6e, 0x74, 0x69, 0x61, 0x6c, 0x5f, 0x31, 0x2f,
    0x62, 0x61, 0x74, 0x63, 0x68, 0x5f, 0x6e, 0x6f, 0x72, 0x6d, 0x61, 0x6c,
    0x69, 0x7a, 0x61, 0x74, 0x69, 0x6f, 0x6e, 0x5f, 0x31, 0x2f, 0x62, 0x61,
    0x74, 0x63, 0x68, 0x6e, 0x6f, 0x72, 0x6d, 0x2f, 0x73, 0x75, 0x62, 0x00,
    0x01, 0x00, 0x00, 0x00, 0x10, 0x00, 0x00, 0x00, 0xb6, 0xe3, 0xff, 0xff,
    0x00, 0x00, 0x00, 0x01, 0x14, 0x00, 0x00, 0x00, 0xec, 0x00, 0x00, 0x00,
    0x0e, 0x00, 0x00, 0x00, 0x00, 0x00, 0x00, 0x09, 0xc8, 0x01, 0x00, 0x00,
    0x8a, 0xf6, 0xff, 0xff, 0x03, 0x00, 0x00, 0x00, 0x08, 0x00, 0x00, 0x00,
    0x8c, 0x00, 0x00, 0x00, 0x10, 0x00, 0x00, 0x00, 0x00, 0x00, 0x00, 0x00,
    0x00, 0x00, 0x00, 0x00, 0x00, 0x00, 0x00, 0x00, 0x00, 0x00, 0x00, 0x00,
    0x00, 0x00, 0x00, 0x00, 0x00, 0x00, 0x00, 0x00, 0x00, 0x00, 0x00, 0x00,
    0x00, 0x00, 0x00, 0x00, 0x00, 0x00, 0x00, 0x00, 0x00, 0x00, 0x00, 0x00,
    0x00, 0x00, 0x00, 0x00, 0x00, 0x00, 0x00, 0x00, 0x00, 0x00, 0x00, 0x00,
    0x00, 0x00, 0x00, 0x00, 0x00, 0x00, 0x00, 0x00, 0x00, 0x00, 0x00, 0x00,
    0x00, 0x00, 0x00, 0x00, 0x00, 0x00, 0x00, 0x00, 0x00, 0x00, 0x00, 0x00,
    0x00, 0x00, 0x00, 0x00, 0x00, 0x00, 0x00, 0x00, 0x00, 0x00, 0x00, 0x00,
    0x00, 0x00, 0x00, 0x00, 0x00, 0x00, 0x00, 0x00, 0x00, 0x00, 0x00, 0x00,
    0x00, 0x00, 0x00, 0x00, 0x00, 0x00, 0x00, 0x00, 0x00, 0x00, 0x00, 0x00,
    0x00, 0x00, 0x00, 0x00, 0x00, 0x00, 0x00, 0x00, 0x00, 0x00, 0x00, 0x00,
    0x00, 0x00, 0x00, 0x00, 0x00, 0x00, 0x00, 0x00, 0x10, 0x00, 0x00, 0x00,
    0xc9, 0xcc, 0xbb, 0x3b, 0x6f, 0xc5, 0x0c, 0x3c, 0xc3, 0x93, 0xa3, 0x3b,
    0x2e, 0x75, 0x93, 0x3b, 0x1c, 0x1a, 0x5c, 0x3b, 0x87, 0xb9, 0xa5, 0x3b,
    0x8d, 0xe8, 0xd6, 0x3b, 0xb6, 0xba, 0xfa, 0x3b, 0x67, 0x1a, 0x00, 0x3c,
    0x2a, 0x74, 0xb2, 0x3b, 0x30, 0x31, 0x99, 0x3b, 0xdd, 0xe5, 0xd4, 0x3b,
    0x78, 0x0f, 0xa1, 0x3b, 0x30, 0x7d, 0xff, 0x3b, 0x6d, 0x9a, 0xcc, 0x3b,
    0xa0, 0x33, 0xdc, 0x3b, 0xe1, 0x00, 0x00, 0x00, 0x73, 0x65, 0x71, 0x75,
    0x65, 0x6e, 0x74, 0x69, 0x61, 0x6c, 0x5f, 0x31, 0x2f, 0x62, 0x61, 0x74,
    0x63, 0x68, 0x5f, 0x6e, 0x6f, 0x72, 0x6d, 0x61, 0x6c, 0x69, 0x7a, 0x61,
    0x74, 0x69, 0x6f, 0x6e, 0x5f, 0x31, 0x5f, 0x32, 0x2f, 0x62, 0x61, 0x74,
    0x63, 0x68, 0x6e, 0x6f, 0x72, 0x6d, 0x2f, 0x6d, 0x75, 0x6c, 0x5f, 0x31,
    0x3b, 0x73, 0x65, 0x71, 0x75, 0x65, 0x6e, 0x74, 0x69, 0x61, 0x6c, 0x5f,
    0x31, 0x2f, 0x64, 0x65, 0x70, 0x74, 0x68, 0x77, 0x69, 0x73, 0x65, 0x5f,
    0x63, 0x6f, 0x6e, 0x76, 0x32, 0x64, 0x5f, 0x31, 0x2f, 0x64, 0x65, 0x70,
    0x74, 0x68, 0x77, 0x69, 0x73, 0x65, 0x3b, 0x73, 0x65, 0x71, 0x75, 0x65,
    0x6e, 0x74, 0x69, 0x61, 0x6c, 0x5f, 0x31, 0x2f, 0x64, 0x65, 0x70, 0x74,
    0x68, 0x77, 0x69, 0x73, 0x65, 0x5f, 0x63, 0x6f, 0x6e, 0x76, 0x32, 0x64,
    0x5f, 0x31, 0x2f, 0x42, 0x69, 0x61, 0x73, 0x41, 0x64, 0x64, 0x3b, 0x73,
    0x65, 0x71, 0x75, 0x65, 0x6e, 0x74, 0x69, 0x61, 0x6c, 0x5f, 0x31, 0x2f,
    0x64, 0x65, 0x70, 0x74, 0x68, 0x77, 0x69, 0x73, 0x65, 0x5f, 0x63, 0x6f,
    0x6e, 0x76, 0x32, 0x64, 0x5f, 0x31, 0x2f, 0x53, 0x71, 0x75, 0x65, 0x65,
    0x7a, 0x65, 0x3b, 0x73, 0x65, 0x71, 0x75, 0x65, 0x6e, 0x74, 0x69, 0x61,
    0x6c, 0x5f, 0x31, 0x2f, 0x62, 0x61, 0x74, 0x63, 0x68, 0x5f, 0x6e, 0x6f,
    0x72, 0x6d, 0x61, 0x6c, 0x69, 0x7a, 0x61, 0x74, 0x69, 0x6f, 0x6e, 0x5f,
    0x31, 0x5f, 0x32, 0x2f, 0x62, 0x61, 0x74, 0x63, 0x68, 0x6e, 0x6f, 0x72,
    0x6d, 0x2f, 0x6d, 0x75, 0x6c, 0x00, 0x00, 0x00, 0x04, 0x00, 0x00, 0x00,
    0x01, 0x00, 0x00, 0x00, 0x03, 0x00, 0x00, 0x00, 0x03, 0x00, 0x00, 0x00,
    0x10, 0x00, 0x00, 0x00, 0xaa, 0xe5, 0xff, 0xff, 0x00, 0x00, 0x00, 0x01,
    0x14, 0x00, 0x00, 0x00, 0xe8, 0x00, 0x00, 0x00, 0x0d, 0x00, 0x00, 0x00,
    0x00, 0x00, 0x00, 0x02, 0x48, 0x02, 0x00, 0x00, 0xf4, 0xe4, 0xff, 0xff,
    0x08, 0x00, 0x00, 0x00, 0x8c, 0x00, 0x00, 0x00, 0x10, 0x00, 0x00, 0x00,
    0x00, 0x00, 0x00, 0x00, 0x00, 0x00, 0x00, 0x00, 0x00, 0x00, 0x00, 0x00,
    0x00, 0x00, 0x00, 0x00, 0x00, 0x00, 0x00, 0x00, 0x00, 0x00, 0x00, 0x00,
    0x00, 0x00, 0x00, 0x00, 0x00, 0x00, 0x00, 0x00, 0x00, 0x00, 0x00, 0x00,
    0x00, 0x00, 0x00, 0x00, 0x00, 0x00, 0x00, 0x00, 0x00, 0x00, 0x00, 0x00,
    0x00, 0x00, 0x00, 0x00, 0x00, 0x00, 0x00, 0x00, 0x00, 0x00, 0x00, 0x00,
    0x00, 0x00, 0x00, 0x00, 0x00, 0x00, 0x00, 0x00, 0x00, 0x00, 0x00, 0x00,
    0x00, 0x00, 0x00, 0x00, 0x00, 0x00, 0x00, 0x00, 0x00, 0x00, 0x00, 0x00,
    0x00, 0x00, 0x00, 0x00, 0x00, 0x00, 0x00, 0x00, 0x00, 0x00, 0x00, 0x00,
    0x00, 0x00, 0x00, 0x00, 0x00, 0x00, 0x00, 0x00, 0x00, 0x00, 0x00, 0x00,
    0x00, 0x00, 0x00, 0x00, 0x00, 0x00, 0x00, 0x00, 0x00, 0x00, 0x00, 0x00,
    0x00, 0x00, 0x00, 0x00, 0x00, 0x00, 0x00, 0x00, 0x00, 0x00, 0x00, 0x00,
    0x10, 0x00, 0x00, 0x00, 0xa3, 0xc4, 0x49, 0x39, 0xd2, 0x3d, 0x97, 0x39,
    0x65, 0xbe, 0x2f, 0x39, 0xe2, 0x6c, 0x1e, 0x39, 0x04, 0x79, 0xec, 0x38,
    0x0c, 0x0d, 0x32, 0x39, 0x91, 0xe4, 0x66, 0x39, 0x64, 0xb0, 0x86, 0x39,
    0x95, 0xa1, 0x89, 0x39, 0x0e, 0xba, 0x3f, 0x39, 0x14, 0x96, 0x24, 0x39,
    0x99, 0xbb, 0x64, 0x39, 0x2e, 0x0a, 0x2d, 0x39, 0xf2, 0x3e, 0x89, 0x39,
    0x39, 0xd2, 0x5b, 0x39, 0x6e, 0x94, 0x6c, 0x39, 0x65, 0x01, 0x00, 0x00,
    0x73, 0x65, 0x71, 0x75, 0x65, 0x6e, 0x74, 0x69, 0x61, 0x6c, 0x5f, 0x31,
    0x2f, 0x72, 0x65, 0x5f, 0x6c, 0x75, 0x5f, 0x31, 0x5f, 0x32, 0x2f, 0x52,
    0x65, 0x6c, 0x75, 0x3b, 0x73, 0x65, 0x71, 0x75, 0x65, 0x6e, 0x74, 0x69,
    0x61, 0x6c, 0x5f, 0x31, 0x2f, 0x62, 0x61, 0x74, 0x63, 0x68, 0x5f, 0x6e,
    0x6f, 0x72, 0x6d, 0x61, 0x6c, 0x69, 0x7a, 0x61, 0x74, 0x69, 0x6f, 0x6e,
    0x5f, 0x31, 0x5f, 0x32, 0x2f, 0x62, 0x61, 0x74, 0x63, 0x68, 0x6e, 0x6f,
    0x72, 0x6d, 0x2f, 0x61, 0x64, 0x64, 0x5f, 0x31, 0x3b, 0x73, 0x65, 0x71,
    0x75, 0x65, 0x6e, 0x74, 0x69, 0x61, 0x6c, 0x5f, 0x31, 0x2f, 0x62, 0x61,
    0x74, 0x63, 0x68, 0x5f, 0x6e, 0x6f, 0x72, 0x6d, 0x61, 0x6c, 0x69, 0x7a,
    0x61, 0x74, 0x69, 0x6f, 0x6e, 0x5f, 0x31, 0x5f, 0x32, 0x2f, 0x62, 0x61,
    0x74, 0x63, 0x68, 0x6e, 0x6f, 0x72, 0x6d, 0x2f, 0x6d, 0x75, 0x6c, 0x5f,
    0x31, 0x3b, 0x73, 0x65, 0x71, 0x75, 0x65, 0x6e, 0x74, 0x69, 0x61, 0x6c,
    0x5f, 0x31, 0x2f, 0x64, 0x65, 0x70, 0x74, 0x68, 0x77, 0x69, 0x73, 0x65,
    0x5f, 0x63, 0x6f, 0x6e, 0x76, 0x32, 0x64, 0x5f, 0x31, 0x2f, 0x64, 0x65,
    0x70, 0x74, 0x68, 0x77, 0x69, 0x73, 0x65, 0x3b, 0x73, 0x65, 0x71, 0x75,
    0x65, 0x6e, 0x74, 0x69, 0x61, 0x6c, 0x5f, 0x31, 0x2f, 0x64, 0x65, 0x70,
    0x74, 0x68, 0x77, 0x69, 0x73, 0x65, 0x5f, 0x63, 0x6f, 0x6e, 0x76, 0x32,
    0x64, 0x5f, 0x31, 0x2f, 0x42, 0x69, 0x61, 0x73, 0x41, 0x64, 0x64, 0x3b,
    0x73, 0x65, 0x71, 0x75, 0x65, 0x6e, 0x74, 0x69, 0x61, 0x6c, 0x5f, 0x31,
    0x2f, 0x64, 0x65, 0x70, 0x74, 0x68, 0x77, 0x69, 0x73, 0x65, 0x5f, 0x63,
    0x6f, 0x6e, 0x76, 0x32, 0x64, 0x5f, 0x31, 0x2f, 0x53, 0x71, 0x75, 0x65,
    0x65, 0x7a, 0x65, 0x3b, 0x73, 0x65, 0x71, 0x75, 0x65, 0x6e, 0x74, 0x69,
    0x61, 0x6c, 0x5f, 0x31, 0x2f, 0x62, 0x61, 0x74, 0x63, 0x68, 0x5f, 0x6e,
    0x6f, 0x72, 0x6d, 0x61, 0x6c, 0x69, 0x7a, 0x61, 0x74, 0x69, 0x6f, 0x6e,
    0x5f, 0x31, 0x5f, 0x32, 0x2f, 0x62, 0x61, 0x74, 0x63, 0x68, 0x6e, 0x6f,
    0x72, 0x6d, 0x2f, 0x6d, 0x75, 0x6c, 0x3b, 0x73, 0x65, 0x71, 0x75, 0x65,
    0x6e, 0x74, 0x69, 0x61, 0x6c, 0x5f, 0x31, 0x2f, 0x62, 0x61, 0x74, 0x63,
    0x68, 0x5f, 0x6e, 0x6f, 0x72, 0x6d, 0x61, 0x6c, 0x69, 0x7a, 0x61, 0x74,
    0x69, 0x6f, 0x6e, 0x5f, 0x31, 0x5f, 0x32, 0x2f, 0x62, 0x61, 0x74, 0x63,
    0x68, 0x6e, 0x6f, 0x72, 0x6d, 0x2f, 0x73, 0x75, 0x62, 0x00, 0x00, 0x00,
    0x01, 0x00, 0x00, 0x00, 0x10, 0x00, 0x00, 0x00, 0x12, 0xe8, 0xff, 0xff,
    0x00, 0x00, 0x00, 0x01, 0x14, 0x00, 0x00, 0x00, 0xa8, 0x01, 0x00, 0x00,
    0x0c, 0x00, 0x00, 0x00, 0x00, 0x00, 0x00, 0x09, 0xc4, 0x01, 0x00, 0x00,
    0x5c, 0xe7, 0xff, 0xff, 0x08, 0x00, 0x00, 0x00, 0x0c, 0x01, 0x00, 0x00,
    0x20, 0x00, 0x00, 0x00, 0x00, 0x00, 0x00, 0x00, 0x00, 0x00, 0x00, 0x00,
    0x00, 0x00, 0x00, 0x00, 0x00, 0x00, 0x00, 0x00, 0x00, 0x00, 0x00, 0x00,
    0x00, 0x00, 0x00, 0x00, 0x00, 0x00, 0x00, 0x00, 0x00, 0x00, 0x00, 0x00,
    0x00, 0x00, 0x00, 0x00, 0x00, 0x00, 0x00, 0x00, 0x00, 0x00, 0x00, 0x00,
    0x00, 0x00, 0x00, 0x00, 0x00, 0x00, 0x00, 0x00, 0x00, 0x00, 0x00, 0x00,
    0x00, 0x00, 0x00, 0x00, 0x00, 0x00, 0x00, 0x00, 0x00, 0x00, 0x00, 0x00,
    0x00, 0x00, 0x00, 0x00, 0x00, 0x00, 0x00, 0x00, 0x00, 0x00, 0x00, 0x00,
    0x00, 0x00, 0x00, 0x00, 0x00, 0x00, 0x00, 0x00, 0x00, 0x00, 0x00, 0x00,
    0x00, 0x00, 0x00, 0x00, 0x00, 0x00, 0x00, 0x00, 0x00, 0x00, 0x00, 0x00,
    0x00, 0x00, 0x00, 0x00, 0x00, 0x00, 0x00, 0x00, 0x00, 0x00, 0x00, 0x00,
    0x00, 0x00, 0x00, 0x00, 0x00, 0x00, 0x00, 0x00, 0x00, 0x00, 0x00, 0x00,
    0x00, 0x00, 0x00, 0x00, 0x00, 0x00, 0x00, 0x00, 0x00, 0x00, 0x00, 0x00,
    0x00, 0x00, 0x00, 0x00, 0x00, 0x00, 0x00, 0x00, 0x00, 0x00, 0x00, 0x00,
    0x00, 0x00, 0x00, 0x00, 0x00, 0x00, 0x00, 0x00, 0x00, 0x00, 0x00, 0x00,
    0x00, 0x00, 0x00, 0x00, 0x00, 0x00, 0x00, 0x00, 0x00, 0x00, 0x00, 0x00,
    0x00, 0x00, 0x00, 0x00, 0x00, 0x00, 0x00, 0x00, 0x00, 0x00, 0x00, 0x00,
    0x00, 0x00, 0x00, 0x00, 0x00, 0x00, 0x00, 0x00, 0x00, 0x00, 0x00, 0x00,
    0x00, 0x00, 0x00, 0x00, 0x00, 0x00, 0x00, 0x00, 0x00, 0x00, 0x00, 0x00,
    0x00, 0x00, 0x00, 0x00, 0x00, 0x00, 0x00, 0x00, 0x00, 0x00, 0x00, 0x00,
    0x00, 0x00, 0x00, 0x00, 0x00, 0x00, 0x00, 0x00, 0x00, 0x00, 0x00, 0x00,
    0x00, 0x00, 0x00, 0x00, 0x00, 0x00, 0x00, 0x00, 0x00, 0x00, 0x00, 0x00,
    0x00, 0x00, 0x00, 0x00, 0x00, 0x00, 0x00, 0x00, 0x00, 0x00, 0x00, 0x00,
    0x20, 0x00, 0x00, 0x00, 0x8d, 0x37, 0xf2, 0x3b, 0x67, 0x46, 0x93, 0x3b,
    0x36, 0x8b, 0xaf, 0x3b, 0x6d, 0xfc, 0xbb, 0x3b, 0xa1, 0xdf, 0xb8, 0x3b,
    0xbe, 0x3d, 0xc4, 0x3b, 0x54, 0x43, 0xd6, 0x3b, 0x9c, 0x7a, 0x15, 0x3c,
    0x81, 0x1a, 0xc0, 0x3b, 0x51, 0xcb, 0xc4, 0x3b, 0x56, 0x8e, 0xb8, 0x3b,
    0x29, 0x89, 0xcc, 0x3b, 0x63, 0xd8, 0xd8, 0x3b, 0x11, 0xa5, 0xd3, 0x3b,
    0xba, 0xcd, 0xf5, 0x3b, 0x79, 0xde, 0xce, 0x3b, 0xd0, 0x36, 0x04, 0x3c,
    0x53, 0x67, 0xe4, 0x3b, 0xc6, 0x7d, 0xa6, 0x3b, 0x6d, 0xa9, 0xca, 0x3b,
    0x6e, 0xe2, 0xb4, 0x3b, 0x8a, 0x4c, 0xf2, 0x3b, 0x8a, 0x81, 0xb6, 0x3b,
    0x98, 0xef, 0xec, 0x3b, 0xda, 0x8c, 0xb8, 0x3b, 0x5e, 0x8f, 0xe8, 0x3b,
    0xce, 0xdf, 0x96, 0x3b, 0x8d, 0x5e, 0xb2, 0x3b, 0xae, 0x30, 0xb9, 0x3b,
    0xb2, 0xa0, 0x71, 0x3b, 0xaf, 0xae, 0xbf, 0x3b, 0x2b, 0xe3, 0x07, 0x3c,
    0x23, 0x00, 0x00, 0x00, 0x73, 0x65, 0x71, 0x75, 0x65, 0x6e, 0x74, 0x69,
    0x61, 0x6c, 0x5f, 0x31, 0x2f, 0x63, 0x6f, 0x6e, 0x76, 0x32, 0x64, 0x5f,
    0x31, 0x5f, 0x32, 0x2f, 0x63, 0x6f, 0x6e, 0x76, 0x6f, 0x6c, 0x75, 0x74,
    0x69, 0x6f, 0x6e, 0x00, 0x04, 0x00, 0x00, 0x00, 0x20, 0x00, 0x00, 0x00,
    0x01, 0x00, 0x00, 0x00, 0x01, 0x00, 0x00, 0x00, 0x10, 0x00, 0x00, 0x00,
    0x02, 0xea, 0xff, 0xff, 0x00, 0x00, 0x00, 0x01, 0x14, 0x00, 0x00, 0x00,
    0xa8, 0x01, 0x00, 0x00, 0x0b, 0x00, 0x00, 0x00, 0x00, 0x00, 0x00, 0x02,
    0xf0, 0x02, 0x00, 0x00, 0x4c, 0xe9, 0xff, 0xff, 0x08, 0x00, 0x00, 0x00,
    0x0c, 0x01, 0x00, 0x00, 0x20, 0x00, 0x00, 0x00, 0x00, 0x00, 0x00, 0x00,
    0x00, 0x00, 0x00, 0x00, 0x00, 0x00, 0x00, 0x00, 0x00, 0x00, 0x00, 0x00,
    0x00, 0x00, 0x00, 0x00, 0x00, 0x00, 0x00, 0x00, 0x00, 0x00, 0x00, 0x00,
    0x00, 0x00, 0x00, 0x00, 0x00, 0x00, 0x00, 0x00, 0x00, 0x00, 0x00, 0x00,
    0x00, 0x00, 0x00, 0x00, 0x00, 0x00, 0x00, 0x00, 0x00, 0x00, 0x00, 0x00,
    0x00, 0x00, 0x00, 0x00, 0x00, 0x00, 0x00, 0x00, 0x00, 0x00, 0x00, 0x00,
    0x00, 0x00, 0x00, 0x00, 0x00, 0x00, 0x00, 0x00, 0x00, 0x00, 0x00, 0x00,
    0x00, 0x00, 0x00, 0x00, 0x00, 0x00, 0x00, 0x00, 0x00, 0x00, 0x00, 0x00,
    0x00, 0x00, 0x00, 0x00, 0x00, 0x00, 0x00, 0x00, 0x00, 0x00, 0x00, 0x00,
    0x00, 0x00, 0x00, 0x00, 0x00, 0x00, 0x00, 0x00, 0x00, 0x00, 0x00, 0x00,
    0x00, 0x00, 0x00, 0x00, 0x00, 0x00, 0x00, 0x00, 0x00, 0x00, 0x00, 0x00,
    0x00, 0x00, 0x00, 0x00, 0x00, 0x00, 0x00, 0x00, 0x00, 0x00, 0x00, 0x00,
    0x00, 0x00, 0x00, 0x00, 0x00, 0x00, 0x00, 0x00, 0x00, 0x00, 0x00, 0x00,
    0x00, 0x00, 0x00, 0x00, 0x00, 0x00, 0x00, 0x00, 0x00, 0x00, 0x00, 0x00,
    0x00, 0x00, 0x00, 0x00, 0x00, 0x00, 0x00, 0x00, 0x00, 0x00, 0x00, 0x00,
    0x00, 0x00, 0x00, 0x00, 0x00, 0x00, 0x00, 0x00, 0x00, 0x00, 0x00, 0x00,
    0x00, 0x00, 0x00, 0x00, 0x00, 0x00, 0x00, 0x00, 0x00, 0x00, 0x00, 0x00,
    0x00, 0x00, 0x00, 0x00, 0x00, 0x00, 0x00, 0x00, 0x00, 0x00, 0x00, 0x00,
    0x00, 0x00, 0x00, 0x00, 0x00, 0x00, 0x00, 0x00, 0x00, 0x00, 0x00, 0x00,
    0x00, 0x00, 0x00, 0x00, 0x00, 0x00, 0x00, 0x00, 0x00, 0x00, 0x00, 0x00,
    0x00, 0x00, 0x00, 0x00, 0x00, 0x00, 0x00, 0x00, 0x00, 0x00, 0x00, 0x00,
    0x00, 0x00, 0x00, 0x00, 0x00, 0x00, 0x00, 0x00, 0x00, 0x00, 0x00, 0x00,
    0x00, 0x00, 0x00, 0x00, 0x20, 0x00, 0x00, 0x00, 0x14, 0xbf, 0x89, 0x39,
    0xf7, 0x81, 0x27, 0x39, 0xf7, 0xa8, 0x47, 0x39, 0xc4, 0xcf, 0x55, 0x39,
    0x81, 0x45, 0x52, 0x39, 0x69, 0x33, 0x5f, 0x39, 0xcf, 0xb2, 0x73, 0x39,
    0xae, 0x03, 0xaa, 0x39, 0xa7, 0x7e, 0x5a, 0x39, 0x6f, 0xd4, 0x5f, 0x39,
    0x0b, 0xe9, 0x51, 0x39, 0x8b, 0xa2, 0x68, 0x39, 0xaf, 0xa2, 0x76, 0x39,
    0x78, 0xb8, 0x70, 0x39, 0x3c, 0xc9, 0x8b, 0x39, 0xea, 0x49, 0x6b, 0x39,
    0xb1, 0x60, 0x96, 0x39, 0x10, 0xe4, 0x81, 0x39, 0x28, 0x5d, 0x3d, 0x39,
    0xe7, 0x80, 0x66, 0x39, 0x03, 0xbc, 0x4d, 0x39, 0x04, 0xcb, 0x89, 0x39,
    0x26, 0x94, 0x4f, 0x39, 0x3c, 0xbe, 0x86, 0x39, 0x5b, 0xe7, 0x51, 0x39,
    0x2c, 0x41, 0x84, 0x39, 0xf3, 0x99, 0x2b, 0x39, 0xad, 0xdf, 0x4a, 0x39,
    0xb1, 0xa1, 0x52, 0x39, 0x4a, 0x69, 0x09, 0x39, 0x05, 0x04, 0x5a, 0x39,
    0x3c, 0x8e, 0x9a, 0x39, 0x4f, 0x01, 0x00, 0x00, 0x73, 0x65, 0x71, 0x75,
    0x65, 0x6e, 0x74, 0x69, 0x61, 0x6c, 0x5f, 0x31, 0x2f, 0x72, 0x65, 0x5f,
    0x6c, 0x75, 0x5f, 0x32, 0x5f, 0x31, 0x2f, 0x52, 0x65, 0x6c, 0x75, 0x3b,
    0x73, 0x65, 0x71, 0x75, 0x65, 0x6e, 0x74, 0x69, 0x61, 0x6c, 0x5f, 0x31,
    0x2f, 0x62, 0x61, 0x74, 0x63, 0x68, 0x5f, 0x6e, 0x6f, 0x72, 0x6d, 0x61,
    0x6c, 0x69, 0x7a, 0x61, 0x74, 0x69, 0x6f, 0x6e, 0x5f, 0x32, 0x5f, 0x31,
    0x2f, 0x62, 0x61, 0x74, 0x63, 0x68, 0x6e, 0x6f, 0x72, 0x6d, 0x2f, 0x61,
    0x64, 0x64, 0x5f, 0x31, 0x3b, 0x73, 0x65, 0x71, 0x75, 0x65, 0x6e, 0x74,
    0x69, 0x61, 0x6c, 0x5f, 0x31, 0x2f, 0x62, 0x61, 0x74, 0x63, 0x68, 0x5f,
    0x6e, 0x6f, 0x72, 0x6d, 0x61, 0x6c, 0x69, 0x7a, 0x61, 0x74, 0x69, 0x6f,
    0x6e, 0x5f, 0x32, 0x5f, 0x31, 0x2f, 0x62, 0x61, 0x74, 0x63, 0x68, 0x6e,
    0x6f, 0x72, 0x6d, 0x2f, 0x6d, 0x75, 0x6c, 0x5f, 0x31, 0x3b, 0x73, 0x65,
    0x71, 0x75, 0x65, 0x6e, 0x74, 0x69, 0x61, 0x6c, 0x5f, 0x31, 0x2f, 0x63,
    0x6f, 0x6e, 0x76, 0x32, 0x64, 0x5f, 0x31, 0x5f, 0x32, 0x2f, 0x53, 0x71,
    0x75, 0x65, 0x65, 0x7a, 0x65, 0x3b, 0x73, 0x65, 0x71, 0x75, 0x65, 0x6e,
    0x74, 0x69, 0x61, 0x6c, 0x5f, 0x31, 0x2f, 0x63, 0x6f, 0x6e, 0x76, 0x32,
    0x64, 0x5f, 0x31, 0x5f, 0x32, 0x2f, 0x42, 0x69, 0x61, 0x73, 0x41, 0x64,
    0x64, 0x3b, 0x73, 0x65, 0x71, 0x75, 0x65, 0x6e, 0x74, 0x69, 0x61, 0x6c,
    0x5f, 0x31, 0x2f, 0x62, 0x61, 0x74, 0x63, 0x68, 0x5f, 0x6e, 0x6f, 0x72,
    0x6d, 0x61, 0x6c, 0x69, 0x7a, 0x61, 0x74, 0x69, 0x6f, 0x6e, 0x5f, 0x32,
    0x5f, 0x31, 0x2f, 0x62, 0x61, 0x74, 0x63, 0x68, 0x6e, 0x6f, 0x72, 0x6d,
    0x2f, 0x6d, 0x75, 0x6c, 0x3b, 0x73, 0x65, 0x71, 0x75, 0x65, 0x6e, 0x74,
    0x69, 0x61, 0x6c, 0x5f, 0x31, 0x2f, 0x63, 0x6f, 0x6e, 0x76, 0x32, 0x64,
    0x5f, 0x31, 0x5f, 0x32, 0x2f, 0x63, 0x6f, 0x6e, 0x76, 0x6f, 0x6c, 0x75,
    0x74, 0x69, 0x6f, 0x6e, 0x3b, 0x73, 0x65, 0x71, 0x75, 0x65, 0x6e, 0x74,
    0x69, 0x61, 0x6c, 0x5f, 0x31, 0x2f, 0x62, 0x61, 0x74, 0x63, 0x68, 0x5f,
    0x6e, 0x6f, 0x72, 0x6d, 0x61, 0x6c, 0x69, 0x7a, 0x61, 0x74, 0x69, 0x6f,
    0x6e, 0x5f, 0x32, 0x5f, 0x31, 0x2f, 0x62, 0x61, 0x74, 0x63, 0x68, 0x6e,
    0x6f, 0x72, 0x6d, 0x2f, 0x73, 0x75, 0x62, 0x00, 0x01, 0x00, 0x00, 0x00,
    0x20, 0x00, 0x00, 0x00, 0x00, 0x00, 0x16, 0x00, 0x1e, 0x00, 0x18, 0x00,
    0x17, 0x00, 0x10, 0x00, 0x0c, 0x00, 0x08, 0x00, 0x00, 0x00, 0x00, 0x00,
    0x00, 0x00, 0x07, 0x00, 0x16, 0x00, 0x00, 0x00, 0x00, 0x00, 0x00, 0x01,
    0x28, 0x00, 0x00, 0x00, 0xbc, 0x01, 0x00, 0x00, 0x0a, 0x00, 0x00, 0x00,
    0x00, 0x00, 0x00, 0x09, 0x9c, 0x02, 0x00, 0x00, 0x00, 0x00, 0x12, 0x00,
    0x10, 0x00, 0x00, 0x00, 0x00, 0x00, 0x0c, 0x00, 0x08, 0x00, 0x00, 0x00,
    0x00, 0x00, 0x04, 0x00, 0x12, 0x00, 0x00, 0x00, 0x03, 0x00, 0x00, 0x00,
    0x08, 0x00, 0x00, 0x00, 0x08, 0x01, 0x00, 0x00, 0x20, 0x00, 0x00, 0x00,
    0x00, 0x00, 0x00, 0x00, 0x00, 0x00, 0x00, 0x00, 0x00, 0x00, 0x00, 0x00,
    0x00, 0x00, 0x00, 0x00, 0x00, 0x00, 0x00, 0x00, 0x00, 0x00, 0x00, 0x00,
    0x00, 0x00, 0x00, 0x00, 0x00, 0x00, 0x00, 0x00, 0x00, 0x00, 0x00, 0x00,
    0x00, 0x00, 0x00, 0x00, 0x00, 0x00, 0x00, 0x00, 0x00, 0x00, 0x00, 0x00,
    0x00, 0x00, 0x00, 0x00, 0x00, 0x00, 0x00, 0x00, 0x00, 0x00, 0x00, 0x00,
    0x00, 0x00, 0x00, 0x00, 0x00, 0x00, 0x00, 0x00, 0x00, 0x00, 0x00, 0x00,
    0x00, 0x00, 0x00, 0x00, 0x00, 0x00, 0x00, 0x00, 0x00, 0x00, 0x00, 0x00,
    0x00, 0x00, 0x00, 0x00, 0x00, 0x00, 0x00, 0x00, 0x00, 0x00, 0x00, 0x00,
    0x00, 0x00, 0x00, 0x00, 0x00, 0x00, 0x00, 0x00, 0x00, 0x00, 0x00, 0x00,
    0x00, 0x00, 0x00, 0x00, 0x00, 0x00, 0x00, 0x00, 0x00, 0x00, 0x00, 0x00,
    0x00, 0x00, 0x00, 0x00, 0x00, 0x00, 0x00, 0x00, 0x00, 0x00, 0x00, 0x00,
    0x00, 0x00, 0x00, 0x00, 0x00, 0x00, 0x00, 0x00, 0x00, 0x00, 0x00, 0x00,
    0x00, 0x00, 0x00, 0x00, 0x00, 0x00, 0x00, 0x00, 0x00, 0x00, 0x00, 0x00,
    0x00, 0x00, 0x00, 0x00, 0x00, 0x00, 0x00, 0x00, 0x00, 0x00, 0x00, 0x00,
    0x00, 0x00, 0x00, 0x00, 0x00, 0x00, 0x00, 0x00, 0x00, 0x00, 0x00, 0x00,
    0x00, 0x00, 0x00, 0x00, 0x00, 0x00, 0x00, 0x00, 0x00, 0x00, 0x00, 0x00,
    0x00, 0x00, 0x00, 0x00, 0x00, 0x00, 0x00, 0x00, 0x00, 0x00, 0x00, 0x00,
    0x00, 0x00, 0x00, 0x00, 0x00, 0x00, 0x00, 0x00, 0x00, 0x00, 0x00, 0x00,
    0x00, 0x00, 0x00, 0x00, 0x00, 0x00, 0x00, 0x00, 0x00, 0x00, 0x00, 0x00,
    0x00, 0x00, 0x00, 0x00, 0x00, 0x00, 0x00, 0x00, 0x00, 0x00, 0x00, 0x00,
    0x00, 0x00, 0x00, 0x00, 0x00, 0x00, 0x00, 0x00, 0x00, 0x00, 0x00, 0x00,
    0x00, 0x00, 0x00, 0x00, 0x20, 0x00, 0x00, 0x00, 0x94, 0x8d, 0xc8, 0x3b,
    0xe9, 0x2f, 0xa5, 0x3b, 0x25, 0xe7, 0x05, 0x3c, 0xd5, 0x37, 0xe7, 0x3b,
    0x28, 0x0c, 0x96, 0x3b, 0x1b, 0xa3, 0x4d, 0x3b, 0x86, 0xaa, 0x85, 0x3b,
    0x32, 0x3b, 0xd2, 0x3b, 0x3e, 0xed, 0x1b, 0x3c, 0x29, 0xcd, 0x99, 0x3b,
    0xe8, 0x6f, 0xc0, 0x3b, 0x07, 0x16, 0xb3, 0x3b, 0xe4, 0xb3, 0xe6, 0x3b,
    0xcf, 0x6a, 0x2a, 0x3c, 0x47, 0xf6, 0x91, 0x3b, 0x2b, 0x73, 0x93, 0x3b,
    0x83, 0xfb, 0xce, 0x3b, 0x11, 0xed, 0x1a, 0x3c, 0xb6, 0xc5, 0x56, 0x3c,
    0x94, 0xb5, 0x31, 0x3b, 0x13, 0xb7, 0x9a, 0x3b, 0xc7, 0x90, 0xd8, 0x3b,
    0xb6, 0x40, 0x88, 0x3b, 0x18, 0x52, 0x85, 0x3b, 0x91, 0x44, 0x37, 0x3b,
    0x3a, 0x44, 0x77, 0x3b, 0x3b, 0x18, 0xba, 0x3b, 0x70, 0xcf, 0x17, 0x3c,
    0x62, 0x75, 0x61, 0x3b, 0xdf, 0x39, 0x07, 0x3c, 0xe6, 0x5d, 0x90, 0x3b,
    0xce, 0x54, 0x68, 0x3b, 0xe7, 0x00, 0x00, 0x00, 0x73, 0x65, 0x71, 0x75,
    0x65, 0x6e, 0x74, 0x69, 0x61, 0x6c, 0x5f, 0x31, 0x2f, 0x62, 0x61, 0x74,
    0x63, 0x68, 0x5f, 0x6e, 0x6f, 0x72, 0x6d, 0x61, 0x6c, 0x69, 0x7a, 0x61,
    0x74, 0x69, 0x6f, 0x6e, 0x5f, 0x33, 0x5f, 0x31, 0x2f, 0x62, 0x61, 0x74,
    0x63, 0x68, 0x6e, 0x6f, 0x72, 0x6d, 0x2f, 0x6d, 0x75, 0x6c, 0x5f, 0x31,
    0x3b, 0x73, 0x65, 0x71, 0x75, 0x65, 0x6e, 0x74, 0x69, 0x61, 0x6c, 0x5f,
    0x31, 0x2f, 0x64, 0x65, 0x70, 0x74, 0x68, 0x77, 0x69, 0x73, 0x65, 0x5f,
    0x63, 0x6f, 0x6e, 0x76, 0x32, 0x64, 0x5f, 0x31, 0x5f, 0x32, 0x2f, 0x64,
    0x65, 0x70, 0x74, 0x68, 0x77, 0x69, 0x73, 0x65, 0x3b, 0x73, 0x65, 0x71,
    0x75, 0x65, 0x6e, 0x74, 0x69, 0x61, 0x6c, 0x5f, 0x31, 0x2f, 0x64, 0x65,
    0x70, 0x74, 0x68, 0x77, 0x69, 0x73, 0x65, 0x5f, 0x63, 0x6f, 0x6e, 0x76,
    0x32, 0x64, 0x5f, 0x31, 0x5f, 0x32, 0x2f, 0x42, 0x69, 0x61, 0x73, 0x41,
    0x64, 0x64, 0x3b, 0x73, 0x65, 0x71, 0x75, 0x65, 0x6e, 0x74, 0x69, 0x61,
    0x6c, 0x5f, 0x31, 0x2f, 0x64, 0x65, 0x70, 0x74, 0x68, 0x77, 0x69, 0x73,
    0x65, 0x5f, 0x63, 0x6f, 0x6e, 0x76, 0x32, 0x64, 0x5f, 0x31, 0x5f, 0x32,
    0x2f, 0x53, 0x71, 0x75, 0x65, 0x65, 0x7a, 0x65, 0x3b, 0x73, 0x65, 0x71,
    0x75, 0x65, 0x6e, 0x74, 0x69, 0x61, 0x6c, 0x5f, 0x31, 0x2f, 0x62, 0x61,
    0x74, 0x63, 0x68, 0x5f, 0x6e, 0x6f, 0x72, 0x6d, 0x61, 0x6c, 0x69, 0x7a,
    0x61, 0x74, 0x69, 0x6f, 0x6e, 0x5f, 0x33, 0x5f, 0x31, 0x2f, 0x62, 0x61,
    0x74, 0x63, 0x68, 0x6e, 0x6f, 0x72, 0x6d, 0x2f, 0x6d, 0x75, 0x6c, 0x00,
    0x04, 0x00, 0x00, 0x00, 0x01, 0x00, 0x00, 0x00, 0x03, 0x00, 0x00, 0x00,
    0x03, 0x00, 0x00, 0x00, 0x20, 0x00, 0x00, 0x00, 0xf2, 0xef, 0xff, 0xff,
    0x00, 0x00, 0x00, 0x01, 0x14, 0x00, 0x00, 0x00, 0xa4, 0x01, 0x00, 0x00,
    0x09, 0x00, 0x00, 0x00, 0x00, 0x00, 0x00, 0x02, 0x08, 0x03, 0x00, 0x00,
    0x3c, 0xef, 0xff, 0xff, 0x08, 0x00, 0x00, 0x00, 0x08, 0x01, 0x00, 0x00,
    0x20, 0x00, 0x00, 0x00, 0x00, 0x00, 0x00, 0x00, 0x00, 0x00, 0x00, 0x00,
    0x00, 0x00, 0x00, 0x00, 0x00, 0x00, 0x00, 0x00, 0x00, 0x00, 0x00, 0x00,
    0x00, 0x00, 0x00, 0x00, 0x00, 0x00, 0x00, 0x00, 0x00, 0x00, 0x00, 0x00,
    0x00, 0x00, 0x00, 0x00, 0x00, 0x00, 0x00, 0x00, 0x00, 0x00, 0x00, 0x00,
    0x00, 0x00, 0x00, 0x00, 0x00, 0x00, 0x00, 0x00, 0x00, 0x00, 0x00, 0x00,
    0x00, 0x00, 0x00, 0x00, 0x00, 0x00, 0x00, 0x00, 0x00, 0x00, 0x00, 0x00,
    0x00, 0x00, 0x00, 0x00, 0x00, 0x00, 0x00, 0x00, 0x00, 0x00, 0x00, 0x00,
    0x00, 0x00, 0x00, 0x00, 0x00, 0x00, 0x00, 0x00, 0x00, 0x00, 0x00, 0x00,
    0x00, 0x00, 0x00, 0x00, 0x00, 0x00, 0x00, 0x00, 0x00, 0x00, 0x00, 0x00,
    0x00, 0x00, 0x00, 0x00, 0x00, 0x00, 0x00, 0x00, 0x00, 0x00, 0x00, 0x00,
    0x00, 0x00, 0x00, 0x00, 0x00, 0x00, 0x00, 0x00, 0x00, 0x00, 0x00, 0x00,
    0x00, 0x00, 0x00, 0x00, 0x00, 0x00, 0x00, 0x00, 0x00, 0x00, 0x00, 0x00,
    0x00, 0x00, 0x00, 0x00, 0x00, 0x00, 0x00, 0x00, 0x00, 0x00, 0x00, 0x00,
    0x00, 0x00, 0x00, 0x00, 0x00, 0x00, 0x00, 0x00, 0x00, 0x00, 0x00, 0x00,
    0x00, 0x00, 0x00, 0x00, 0x00, 0x00, 0x00, 0x00, 0x00, 0x00, 0x00, 0x00,
    0x00, 0x00, 0x00, 0x00, 0x00, 0x00, 0x00, 0x00, 0x00, 0x00, 0x00, 0x00,
    0x00, 0x00, 0x00, 0x00, 0x00, 0x00, 0x00, 0x00, 0x00, 0x00, 0x00, 0x00,
    0x00, 0x00, 0x00, 0x00, 0x00, 0x00, 0x00, 0x00, 0x00, 0x00, 0x00, 0x00,
    0x00, 0x00, 0x00, 0x00, 0x00, 0x00, 0x00, 0x00, 0x00, 0x00, 0x00, 0x00,
    0x00, 0x00, 0x00, 0x00, 0x00, 0x00, 0x00, 0x00, 0x00, 0x00, 0x00, 0x00,
    0x00, 0x00, 0x00, 0x00, 0x00, 0x00, 0x00, 0x00, 0x00, 0x00, 0x00, 0x00,
    0x00, 0x00, 0x00, 0x00, 0x00, 0x00, 0x00, 0x00, 0x20, 0x00, 0x00, 0x00,
    0x44, 0x7a, 0x6e, 0x39, 0x8d, 0x6c, 0x44, 0x39, 0x54, 0x39, 0x9f, 0x39,
    0x80, 0x78, 0x89, 0x39, 0xe4, 0x6b, 0x32, 0x39, 0xe9, 0x85, 0xf4, 0x38,
    0x3e, 0xf1, 0x1e, 0x39, 0x66, 0xfc, 0x79, 0x39, 0x97, 0x69, 0xb9, 0x39,
    0x9f, 0xe2, 0x36, 0x39, 0xb5, 0xd3, 0x64, 0x39, 0x82, 0xf3, 0x54, 0x39,
    0x0e, 0x2a, 0x89, 0x39, 0xa2, 0xa4, 0xca, 0x39, 0x3d, 0x90, 0x2d, 0x39,
    0x27, 0x55, 0x2f, 0x39, 0x72, 0x1f, 0x76, 0x39, 0xf8, 0x38, 0xb8, 0x39,
    0xbf, 0x62, 0xff, 0x39, 0x69, 0x50, 0xd3, 0x38, 0xc5, 0xf8, 0x37, 0x39,
    0x50, 0xc2, 0x80, 0x39, 0xa6, 0x04, 0x22, 0x39, 0x17, 0x88, 0x1e, 0x39,
    0x7c, 0xec, 0xd9, 0x38, 0x26, 0x03, 0x13, 0x39, 0xfe, 0x48, 0x5d, 0x39,
    0x83, 0x84, 0xb4, 0x39, 0xde, 0x0b, 0x06, 0x39, 0x1b, 0xcc, 0xa0, 0x39,
    0xa2, 0xaa, 0x2b, 0x39, 0xee, 0x21, 0x0a, 0x39, 0x6b, 0x01, 0x00, 0x00,
    0x73, 0x65, 0x71, 0x75, 0x65, 0x6e, 0x74, 0x69, 0x61, 0x6c, 0x5f, 0x31,
    0x2f, 0x72, 0x65, 0x5f, 0x6c, 0x75, 0x5f, 0x33, 0x5f, 0x31, 0x2f, 0x52,
    0x65, 0x6c, 0x75, 0x3b, 0x73, 0x65, 0x71, 0x75, 0x65, 0x6e, 0x74, 0x69,
    0x61, 0x6c, 0x5f, 0x31, 0x2f, 0x62, 0x61, 0x74, 0x63, 0x68, 0x5f, 0x6e,
    0x6f, 0x72, 0x6d, 0x61, 0x6c, 0x69, 0x7a, 0x61, 0x74, 0x69, 0x6f, 0x6e,
    0x5f, 0x33, 0x5f, 0x31, 0x2f, 0x62, 0x61, 0x74, 0x63, 0x68, 0x6e, 0x6f,
    0x72, 0x6d, 0x2f, 0x61, 0x64, 0x64, 0x5f, 0x31, 0x3b, 0x73, 0x65, 0x71,
    0x75, 0x65, 0x6e, 0x74, 0x69, 0x61, 0x6c, 0x5f, 0x31, 0x2f, 0x62, 0x61,
    0x74, 0x63, 0x68, 0x5f, 0x6e, 0x6f, 0x72, 0x6d, 0x61, 0x6c, 0x69, 0x7a,
    0x61, 0x74, 0x69, 0x6f, 0x6e, 0x5f, 0x33, 0x5f, 0x31, 0x2f, 0x62, 0x61,
    0x74, 0x63, 0x68, 0x6e, 0x6f, 0x72, 0x6d, 0x2f, 0x6d, 0x75, 0x6c, 0x5f,
    0x31, 0x3b, 0x73, 0x65, 0x71, 0x75, 0x65, 0x6e, 0x74, 0x69, 0x61, 0x6c,
    0x5f, 0x31, 0x2f, 0x64, 0x65, 0x70, 0x74, 0x68, 0x77, 0x69, 0x73, 0x65,
    0x5f, 0x63, 0x6f, 0x6e, 0x76, 0x32, 0x64, 0x5f, 0x31, 0x5f, 0x32, 0x2f,
    0x64, 0x65, 0x70, 0x74, 0x68, 0x77, 0x69, 0x73, 0x65, 0x3b, 0x73, 0x65,
    0x71, 0x75, 0x65, 0x6e, 0x74, 0x69, 0x61, 0x6c, 0x5f, 0x31, 0x2f, 0x64,
    0x65, 0x70, 0x74, 0x68, 0x77, 0x69, 0x73, 0x65, 0x5f, 0x63, 0x6f, 0x6e,
    0x76, 0x32, 0x64, 0x5f, 0x31, 0x5f, 0x32, 0x2f, 0x42, 0x69, 0x61, 0x73,
    0x41, 0x64, 0x64, 0x3b, 0x73, 0x65, 0x71, 0x75, 0x65, 0x6e, 0x74, 0x69,
    0x61, 0x6c, 0x5f, 0x31, 0x2f, 0x64, 0x65, 0x70, 0x74, 0x68, 0x77, 0x69,
    0x73, 0x65, 0x5f, 0x63, 0x6f, 0x6e, 0x76, 0x32, 0x64, 0x5f, 0x31, 0x5f,
    0x32, 0x2f, 0x53, 0x71, 0x75, 0x65, 0x65, 0x7a, 0x65, 0x3b, 0x73, 0x65,
    0x71, 0x75, 0x65, 0x6e, 0x74, 0x69, 0x61, 0x6c, 0x5f, 0x31, 0x2f, 0x62,
    0x61, 0x74, 0x63, 0x68, 0x5f, 0x6e, 0x6f, 0x72, 0x6d, 0x61, 0x6c, 0x69,
    0x7a, 0x61, 0x74, 0x69, 0x6f, 0x6e, 0x5f, 0x33, 0x5f, 0x31, 0x2f, 0x62,
    0x61, 0x74, 0x63, 0x68, 0x6e, 0x6f, 0x72, 0x6d, 0x2f, 0x6d, 0x75, 0x6c,
    0x3b, 0x73, 0x65, 0x71, 0x75, 0x65, 0x6e, 0x74, 0x69, 0x61, 0x6c, 0x5f,
    0x31, 0x2f, 0x62, 0x61, 0x74, 0x63, 0x68, 0x5f, 0x6e, 0x6f, 0x72, 0x6d,
    0x61, 0x6c, 0x69, 0x7a, 0x61, 0x74, 0x69, 0x6f, 0x6e, 0x5f, 0x33, 0x5f,
    0x31, 0x2f, 0x62, 0x61, 0x74, 0x63, 0x68, 0x6e, 0x6f, 0x72, 0x6d, 0x2f,
    0x73, 0x75, 0x62, 0x00, 0x01, 0x00, 0x00, 0x00, 0x20, 0x00, 0x00, 0x00,
    0x1a, 0xf3, 0xff, 0xff, 0x00, 0x00, 0x00, 0x01, 0x14, 0x00, 0x00, 0x00,
    0x28, 0x03, 0x00, 0x00, 0x08, 0x00, 0x00, 0x00, 0x00, 0x00, 0x00, 0x09,
    0x44, 0x03, 0x00, 0x00, 0x64, 0xf2, 0xff, 0xff, 0x08, 0x00, 0x00, 0x00,
    0x0c, 0x02, 0x00, 0x00, 0x40, 0x00, 0x00, 0x00, 0x00, 0x00, 0x00, 0x00,
    0x00, 0x00, 0x00, 0x00, 0x00, 0x00, 0x00, 0x00, 0x00, 0x00, 0x00, 0x00,
    0x00, 0x00, 0x00, 0x00, 0x00, 0x00, 0x00, 0x00, 0x00, 0x00, 0x00, 0x00,
    0x00, 0x00, 0x00, 0x00, 0x00, 0x00, 0x00, 0x00, 0x00, 0x00, 0x00, 0x00,
    0x00, 0x00, 0x00, 0x00, 0x00, 0x00, 0x00, 0x00, 0x00, 0x00, 0x00, 0x00,
    0x00, 0x00, 0x00, 0x00, 0x00, 0x00, 0x00, 0x00, 0x00, 0x00, 0x00, 0x00,
    0x00, 0x00, 0x00, 0x00, 0x00, 0x00, 0x00, 0x00, 0x00, 0x00, 0x00, 0x00,
    0x00, 0x00, 0x00, 0x00, 0x00, 0x00, 0x00, 0x00, 0x00, 0x00, 0x00, 0x00,
    0x00, 0x00, 0x00, 0x00, 0x00, 0x00, 0x00, 0x00, 0x00, 0x00, 0x00, 0x00,
    0x00, 0x00, 0x00, 0x00, 0x00, 0x00, 0x00, 0x00, 0x00, 0x00, 0x00, 0x00,
    0x00, 0x00, 0x00, 0x00, 0x00, 0x00, 0x00, 0x00, 0x00, 0x00, 0x00, 0x00,
    0x00, 0x00, 0x00, 0x00, 0x00, 0x00, 0x00, 0x00, 0x00, 0x00, 0x00, 0x00,
    0x00, 0x00, 0x00, 0x00, 0x00, 0x00, 0x00, 0x00, 0x00, 0x00, 0x00, 0x00,
    0x00, 0x00, 0x00, 0x00, 0x00, 0x00, 0x00, 0x00, 0x00, 0x00, 0x00, 0x00,
    0x00, 0x00, 0x00, 0x00, 0x00, 0x00, 0x00, 0x00, 0x00, 0x00, 0x00, 0x00,
    0x00, 0x00, 0x00, 0x00, 0x00, 0x00, 0x00, 0x00, 0x00, 0x00, 0x00, 0x00,
    0x00, 0x00, 0x00, 0x00, 0x00, 0x00, 0x00, 0x00, 0x00, 0x00, 0x00, 0x00,
    0x00, 0x00, 0x00, 0x00, 0x00, 0x00, 0x00, 0x00, 0x00, 0x00, 0x00, 0x00,
    0x00, 0x00, 0x00, 0x00, 0x00, 0x00, 0x00, 0x00, 0x00, 0x00, 0x00, 0x00,
    0x00, 0x00, 0x00, 0x00, 0x00, 0x00, 0x00, 0x00, 0x00, 0x00, 0x00, 0x00,
    0x00, 0x00, 0x00, 0x00, 0x00, 0x00, 0x00, 0x00, 0x00, 0x00, 0x00, 0x00,
    0x00, 0x00, 0x00, 0x00, 0x00, 0x00, 0x00, 0x00, 0x00, 0x00, 0x00, 0x00,
    0x00, 0x00, 0x00, 0x00, 0x00, 0x00, 0x00, 0x00, 0x00, 0x00, 0x00, 0x00,
    0x00, 0x00, 0x00, 0x00, 0x00, 0x00, 0x00, 0x00, 0x00, 0x00, 0x00, 0x00,
    0x00, 0x00, 0x00, 0x00, 0x00, 0x00, 0x00, 0x00, 0x00, 0x00, 0x00, 0x00,
    0x00, 0x00, 0x00, 0x00, 0x00, 0x00, 0x00, 0x00, 0x00, 0x00, 0x00, 0x00,
    0x00, 0x00, 0x00, 0x00, 0x00, 0x00, 0x00, 0x00, 0x00, 0x00, 0x00, 0x00,
    0x00, 0x00, 0x00, 0x00, 0x00, 0x00, 0x00, 0x00, 0x00, 0x00, 0x00, 0x00,
    0x00, 0x00, 0x00, 0x00, 0x00, 0x00, 0x00, 0x00, 0x00, 0x00, 0x00, 0x00,
    0x00, 0x00, 0x00, 0x00, 0x00, 0x00, 0x00, 0x00, 0x00, 0x00, 0x00, 0x00,
    0x00, 0x00, 0x00, 0x00, 0x00, 0x00, 0x00, 0x00, 0x00, 0x00, 0x00, 0x00,
    0x00, 0x00, 0x00, 0x00, 0x00, 0x00, 0x00, 0x00, 0x00, 0x00, 0x00, 0x00,
    0x00, 0x00, 0x00, 0x00, 0x00, 0x00, 0x00, 0x00, 0x00, 0x00, 0x00, 0x00,
    0x00, 0x00, 0x00, 0x00, 0x00, 0x00, 0x00, 0x00, 0x00, 0x00, 0x00, 0x00,
    0x00, 0x00, 0x00, 0x00, 0x00, 0x00, 0x00, 0x00, 0x00, 0x00, 0x00, 0x00,
    0x00, 0x00, 0x00, 0x00, 0x00, 0x00, 0x00, 0x00, 0x00, 0x00, 0x00, 0x00,
    0x00, 0x00, 0x00, 0x00, 0x00, 0x00, 0x00, 0x00, 0x00, 0x00, 0x00, 0x00,
    0x00, 0x00, 0x00, 0x00, 0x00, 0x00, 0x00, 0x00, 0x00, 0x00, 0x00, 0x00,
    0x00, 0x00, 0x00, 0x00, 0x00, 0x00, 0x00, 0x00, 0x00, 0x00, 0x00, 0x00,
    0x00, 0x00, 0x00, 0x00, 0x00, 0x00, 0x00, 0x00, 0x00, 0x00, 0x00, 0x00,
    0x00, 0x00, 0x00, 0x00, 0x00, 0x00, 0x00, 0x00, 0x00, 0x00, 0x00, 0x00,
    0x00, 0x00, 0x00, 0x00, 0x00, 0x00, 0x00, 0x00, 0x00, 0x00, 0x00, 0x00,
    0x00, 0x00, 0x00, 0x00, 0x00, 0x00, 0x00, 0x00, 0x00, 0x00, 0x00, 0x00,
    0x00, 0x00, 0x00, 0x00, 0x00, 0x00, 0x00, 0x00, 0x40, 0x00, 0x00, 0x00,
    0x1a, 0xfc, 0xde, 0x3b, 0xfe, 0xb0, 0xba, 0x3b, 0x1f, 0xf5, 0xc0, 0x3b,
    0x05, 0x2c, 0xa2, 0x3b, 0x85, 0x32, 0x88, 0x3b, 0x74, 0x55, 0xa0, 0x3b,
    0x2d, 0x27, 0x9e, 0x3b, 0x6c, 0xf6, 0x8b, 0x3b, 0xcc, 0x3a, 0xaf, 0x3b,
    0xdf, 0x2a, 0xbb, 0x3b, 0x61, 0xf0, 0xbe, 0x3b, 0x61, 0xad, 0x31, 0x3b,
    0xb1, 0x23, 0xa0, 0x3b, 0x5d, 0x4e, 0xbe, 0x3b, 0x05, 0x69, 0x73, 0x3b,
    0x96, 0xd6, 0xb2, 0x3b, 0x34, 0x03, 0x87, 0x3b, 0x36, 0x63, 0xb5, 0x3b,
    0x36, 0x05, 0x50, 0x3b, 0x45, 0x21, 0x85, 0x3b, 0x79, 0x7f, 0x8e, 0x3b,
    0xfd, 0x2c, 0x98, 0x3b, 0x03, 0x18, 0xbc, 0x3b, 0x20, 0x0b, 0x0a, 0x3c,
    0xd2, 0x71, 0xef, 0x3b, 0xed, 0xb3, 0xab, 0x3b, 0x54, 0xc2, 0x8c, 0x3b,
    0xa6, 0xdb, 0x92, 0x3b, 0x51, 0x74, 0x82, 0x3b, 0x09, 0x52, 0x96, 0x3b,
    0x9c, 0x02, 0xbd, 0x3b, 0x4f, 0xe1, 0x6d, 0x3b, 0x70, 0xa1, 0x8d, 0x3b,
    0xb1, 0xb7, 0x90, 0x3b, 0x03, 0xaa, 0xd2, 0x3b, 0x2a, 0xb3, 0xbb, 0x3b,
    0x10, 0xc9, 0x84, 0x3b, 0x64, 0x56, 0x8e, 0x3b, 0xbd, 0x67, 0x8b, 0x3b,
    0x81, 0xd8, 0x7e, 0x3b, 0x78, 0xd3, 0x89, 0x3b, 0x0a, 0x3f, 0xb3, 0x3b,
    0x42, 0xc5, 0xc4, 0x3b, 0xef, 0xac, 0xbf, 0x3b, 0xdf, 0x47, 0x2a, 0x3b,
    0x85, 0x37, 0xd7, 0x3b, 0xcd, 0xde, 0x90, 0x3b, 0x14, 0x40, 0x92, 0x3b,
    0x60, 0xe9, 0xbc, 0x3b, 0xd9, 0xd5, 0x63, 0x3b, 0x67, 0xbd, 0x97, 0x3b,
    0x65, 0xad, 0x65, 0x3b, 0x2d, 0x17, 0xb3, 0x3b, 0x72, 0x97, 0xba, 0x3b,
    0xff, 0x0e, 0x87, 0x3b, 0xbf, 0x0f, 0x9a, 0x3b, 0x69, 0xcf, 0x77, 0x3b,
    0x43, 0x66, 0xb9, 0x3b, 0x6b, 0xb9, 0xa7, 0x3b, 0x6e, 0xeb, 0xb6, 0x3b,
    0xc2, 0x77, 0xae, 0x3b, 0x07, 0x55, 0x7e, 0x3b, 0x4c, 0x7d, 0xc6, 0x3b,
    0xd7, 0x63, 0xba, 0x3b, 0x23, 0x00, 0x00, 0x00, 0x73, 0x65, 0x71, 0x75,
    0x65, 0x6e, 0x74, 0x69, 0x61, 0x6c, 0x5f, 0x31, 0x2f, 0x63, 0x6f, 0x6e,
    0x76, 0x32, 0x64, 0x5f, 0x32, 0x5f, 0x31, 0x2f, 0x63, 0x6f, 0x6e, 0x76,
    0x6f, 0x6c, 0x75, 0x74, 0x69, 0x6f, 0x6e, 0x00, 0x04, 0x00, 0x00, 0x00,
    0x40, 0x00, 0x00, 0x00, 0x01, 0x00, 0x00, 0x00, 0x01, 0x00, 0x00, 0x00,
    0x20, 0x00, 0x00, 0x00, 0x8a, 0xf6, 0xff, 0xff, 0x00, 0x00, 0x00, 0x01,
    0x14, 0x00, 0x00, 0x00, 0x28, 0x03, 0x00, 0x00, 0x07, 0x00, 0x00, 0x00,
    0x00, 0x00, 0x00, 0x02, 0x70, 0x04, 0x00, 0x00, 0xd4, 0xf5, 0xff, 0xff,
    0x08, 0x00, 0x00, 0x00, 0x0c, 0x02, 0x00, 0x00, 0x40, 0x00, 0x00, 0x00,
    0x00, 0x00, 0x00, 0x00, 0x00, 0x00, 0x00, 0x00, 0x00, 0x00, 0x00, 0x00,
    0x00, 0x00, 0x00, 0x00, 0x00, 0x00, 0x00, 0x00, 0x00, 0x00, 0x00, 0x00,
    0x00, 0x00, 0x00, 0x00, 0x00, 0x00, 0x00, 0x00, 0x00, 0x00, 0x00, 0x00,
    0x00, 0x00, 0x00, 0x00, 0x00, 0x00, 0x00, 0x00, 0x00, 0x00, 0x00, 0x00,
    0x00, 0x00, 0x00, 0x00, 0x00, 0x00, 0x00, 0x00, 0x00, 0x00, 0x00, 0x00,
    0x00, 0x00, 0x00, 0x00, 0x00, 0x00, 0x00, 0x00, 0x00, 0x00, 0x00, 0x00,
    0x00, 0x00, 0x00, 0x00, 0x00, 0x00, 0x00, 0x00, 0x00, 0x00, 0x00, 0x00,
    0x00, 0x00, 0x00, 0x00, 0x00, 0x00, 0x00, 0x00, 0x00, 0x00, 0x00, 0x00,
    0x00, 0x00, 0x00, 0x00, 0x00, 0x00, 0x00, 0x00, 0x00, 0x00, 0x00, 0x00,
    0x00, 0x00, 0x00, 0x00, 0x00, 0x00, 0x00, 0x00, 0x00, 0x00, 0x00, 0x00,
    0x00, 0x00, 0x00, 0x00, 0x00, 0x00, 0x00, 0x00, 0x00, 0x00, 0x00, 0x00,
    0x00, 0x00, 0x00, 0x00, 0x00, 0x00, 0x00, 0x00, 0x00, 0x00, 0x00, 0x00,
    0x00, 0x00, 0x00, 0x00, 0x00, 0x00, 0x00, 0x00, 0x00, 0x00, 0x00, 0x00,
    0x00, 0x00, 0x00, 0x00, 0x00, 0x00, 0x00, 0x00, 0x00, 0x00, 0x00, 0x00,
    0x00, 0x00, 0x00, 0x00, 0x00, 0x00, 0x00, 0x00, 0x00, 0x00, 0x00, 0x00,
    0x00, 0x00, 0x00, 0x00, 0x00, 0x00, 0x00, 0x00, 0x00, 0x00, 0x00, 0x00,
    0x00, 0x00, 0x00, 0x00, 0x00, 0x00, 0x00, 0x00, 0x00, 0x00, 0x00, 0x00,
    0x00, 0x00, 0x00, 0x00, 0x00, 0x00, 0x00, 0x00, 0x00, 0x00, 0x00, 0x00,
    0x00, 0x00, 0x00, 0x00, 0x00, 0x00, 0x00, 0x00, 0x00, 0x00, 0x00, 0x00,
    0x00, 0x00, 0x00, 0x00, 0x00, 0x00, 0x00, 0x00, 0x00, 0x00, 0x00, 0x00,
    0x00, 0x00, 0x00, 0x00, 0x00, 0x00, 0x00, 0x00, 0x00, 0x00, 0x00, 0x00,
    0x00, 0x00, 0x00, 0x00, 0x00, 0x00, 0x00, 0x00, 0x00, 0x00, 0x00, 0x00,
    0x00, 0x00, 0x00, 0x00, 0x00, 0x00, 0x00, 0x00, 0x00, 0x00, 0x00, 0x00,
    0x00, 0x00, 0x00, 0x00, 0x00, 0x00, 0x00, 0x00, 0x00, 0x00, 0x00, 0x00,
    0x00, 0x00, 0x00, 0x00, 0x00, 0x00, 0x00, 0x00, 0x00, 0x00, 0x00, 0x00,
    0x00, 0x00, 0x00, 0x00, 0x00, 0x00, 0x00, 0x00, 0x00, 0x00, 0x00, 0x00,
    0x00, 0x00, 0x00, 0x00, 0x00, 0x00, 0x00, 0x00, 0x00, 0x00, 0x00, 0x00,
    0x00, 0x00, 0x00, 0x00, 0x00, 0x00, 0x00, 0x00, 0x00, 0x00, 0x00, 0x00,
    0x00, 0x00, 0x00, 0x00, 0x00, 0x00, 0x00, 0x00, 0x00, 0x00, 0x00, 0x00,
    0x00, 0x00, 0x00, 0x00, 0x00, 0x00, 0x00, 0x00, 0x00, 0x00, 0x00, 0x00,
    0x00, 0x00, 0x00, 0x00, 0x00, 0x00, 0x00, 0x00, 0x00, 0x00, 0x00, 0x00,
    0x00, 0x00, 0x00, 0x00, 0x00, 0x00, 0x00, 0x00, 0x00, 0x00, 0x00, 0x00,
    0x00, 0x00, 0x00, 0x00, 0x00, 0x00, 0x00, 0x00, 0x00, 0x00, 0x00, 0x00,
    0x00, 0x00, 0x00, 0x00, 0x00, 0x00, 0x00, 0x00, 0x00, 0x00, 0x00, 0x00,
    0x00, 0x00, 0x00, 0x00, 0x00, 0x00, 0x00, 0x00, 0x00, 0x00, 0x00, 0x00,
    0x00, 0x00, 0x00, 0x00, 0x00, 0x00, 0x00, 0x00, 0x00, 0x00, 0x00, 0x00,
    0x00, 0x00, 0x00, 0x00, 0x00, 0x00, 0x00, 0x00, 0x00, 0x00, 0x00, 0x00,
    0x00, 0x00, 0x00, 0x00, 0x00, 0x00, 0x00, 0x00, 0x00, 0x00, 0x00, 0x00,
    0x00, 0x00, 0x00, 0x00, 0x00, 0x00, 0x00, 0x00, 0x00, 0x00, 0x00, 0x00,
    0x00, 0x00, 0x00, 0x00, 0x00, 0x00, 0x00, 0x00, 0x00, 0x00, 0x00, 0x00,
    0x00, 0x00, 0x00, 0x00, 0x00, 0x00, 0x00, 0x00, 0x00, 0x00, 0x00, 0x00,
    0x00, 0x00, 0x00, 0x00, 0x00, 0x00, 0x00, 0x00, 0x00, 0x00, 0x00, 0x00,
    0x00, 0x00, 0x00, 0x00, 0x00, 0x00, 0x00, 0x00, 0x00, 0x00, 0x00, 0x00,
    0x40, 0x00, 0x00, 0x00, 0x1d, 0xbe, 0x2f, 0x39, 0x72, 0x23, 0x13, 0x39,
    0xb8, 0x13, 0x18, 0x39, 0xa7, 0xa0, 0xff, 0x38, 0x37, 0xaf, 0xd6, 0x38,
    0xe9, 0xba, 0xfc, 0x38, 0xea, 0x4a, 0xf9, 0x38, 0x97, 0x9e, 0xdc, 0x38,
    0xe5, 0x1a, 0x0a, 0x39, 0x80, 0x83, 0x13, 0x39, 0x74, 0x7c, 0x16, 0x39,
    0xba, 0x08, 0x8c, 0x38, 0x79, 0x6c, 0xfc, 0x38, 0xc3, 0xfc, 0x15, 0x39,
    0x38, 0xd7, 0xbf, 0x38, 0xf8, 0xf2, 0x0c, 0x39, 0x1b, 0xd1, 0xd4, 0x38,
    0x53, 0xf5, 0x0e, 0x39, 0xd9, 0xf2, 0xa3, 0x38, 0x72, 0xd9, 0xd1, 0x38,
    0xac, 0x9d, 0xe0, 0x38, 0xeb, 0xde, 0xef, 0x38, 0x66, 0x3e, 0x14, 0x39,
    0x2c, 0x98, 0x59, 0x39, 0x1a, 0xb7, 0x3c, 0x39, 0x4f, 0x53, 0x07, 0x39,
    0x00, 0xe0, 0xdd, 0x38, 0x12, 0x7d, 0xe7, 0x38, 0xc5, 0xa1, 0xcd, 0x38,
    0x43, 0xf2, 0xec, 0x38, 0x4c, 0xf7, 0x14, 0x39, 0x72, 0x7b, 0xbb, 0x38,
    0xaf, 0x3f, 0xdf, 0x38, 0x57, 0x1d, 0xe4, 0x38, 0x42, 0x08, 0x26, 0x39,
    0xeb, 0xee, 0x13, 0x39, 0x68, 0x4e, 0xd1, 0x38, 0xea, 0x5c, 0xe0, 0x38,
    0xae, 0xbd, 0xdb, 0x38, 0x7b, 0xda, 0xc8, 0x38, 0x71, 0x40, 0xd9, 0x38,
    0x4a, 0x45, 0x0d, 0x39, 0x0c, 0x15, 0x1b, 0x39, 0x10, 0x11, 0x17, 0x39,
    0x62, 0x34, 0x86, 0x38, 0xd7, 0x9e, 0x29, 0x39, 0xfd, 0x5a, 0xe4, 0x38,
    0xda, 0x87, 0xe6, 0x38, 0x68, 0xe3, 0x14, 0x39, 0xc8, 0x90, 0xb3, 0x38,
    0x07, 0x2f, 0xef, 0x38, 0x6d, 0x04, 0xb5, 0x38, 0xdf, 0x25, 0x0d, 0x39,
    0x4f, 0x0f, 0x13, 0x39, 0xb2, 0xe3, 0xd4, 0x38, 0xe0, 0xd7, 0xf2, 0x38,
    0xf8, 0x4e, 0xc3, 0x38, 0xc8, 0x1e, 0x12, 0x39, 0x95, 0x30, 0x04, 0x39,
    0x73, 0x2a, 0x10, 0x39, 0x2d, 0x81, 0x09, 0x39, 0xdc, 0x72, 0xc8, 0x38,
    0xdc, 0x6f, 0x1c, 0x39, 0xa3, 0xe6, 0x12, 0x39, 0x4f, 0x01, 0x00, 0x00,
    0x73, 0x65, 0x71, 0x75, 0x65, 0x6e, 0x74, 0x69, 0x61, 0x6c, 0x5f, 0x31,
    0x2f, 0x72, 0x65, 0x5f, 0x6c, 0x75, 0x5f, 0x34, 0x5f, 0x31, 0x2f, 0x52,
    0x65, 0x6c, 0x75, 0x3b, 0x73, 0x65, 0x71, 0x75, 0x65, 0x6e, 0x74, 0x69,
    0x61, 0x6c, 0x5f, 0x31, 0x2f, 0x62, 0x61, 0x74, 0x63, 0x68, 0x5f, 0x6e,
    0x6f, 0x72, 0x6d, 0x61, 0x6c, 0x69, 0x7a, 0x61, 0x74, 0x69, 0x6f, 0x6e,
    0x5f, 0x34, 0x5f, 0x31, 0x2f, 0x62, 0x61, 0x74, 0x63, 0x68, 0x6e, 0x6f,
    0x72, 0x6d, 0x2f, 0x61, 0x64, 0x64, 0x5f, 0x31, 0x3b, 0x73, 0x65, 0x71,
    0x75, 0x65, 0x6e, 0x74, 0x69, 0x61, 0x6c, 0x5f, 0x31, 0x2f, 0x62, 0x61,
    0x74, 0x63, 0x68, 0x5f, 0x6e, 0x6f, 0x72, 0x6d, 0x61, 0x6c, 0x69, 0x7a,
    0x61, 0x74, 0x69, 0x6f, 0x6e, 0x5f, 0x34, 0x5f, 0x31, 0x2f, 0x62, 0x61,
    0x74, 0x63, 0x68, 0x6e, 0x6f, 0x72, 0x6d, 0x2f, 0x6d, 0x75, 0x6c, 0x5f,
    0x31, 0x3b, 0x73, 0x65, 0x71, 0x75, 0x65, 0x6e, 0x74, 0x69, 0x61, 0x6c,
    0x5f, 0x31, 0x2f, 0x63, 0x6f, 0x6e, 0x76, 0x32, 0x64, 0x5f, 0x32, 0x5f,
    0x31, 0x2f, 0x53, 0x71, 0x75, 0x65, 0x65, 0x7a, 0x65, 0x3b, 0x73, 0x65,
    0x71, 0x75, 0x65, 0x6e, 0x74, 0x69, 0x61, 0x6c, 0x5f, 0x31, 0x2f, 0x63,
    0x6f, 0x6e, 0x76, 0x32, 0x64, 0x5f, 0x32, 0x5f, 0x31, 0x2f, 0x42, 0x69,
    0x61, 0x73, 0x41, 0x64, 0x64, 0x3b, 0x73, 0x65, 0x71, 0x75, 0x65, 0x6e,
    0x74, 0x69, 0x61, 0x6c, 0x5f, 0x31, 0x2f, 0x62, 0x61, 0x74, 0x63, 0x68,
    0x5f, 0x6e, 0x6f, 0x72, 0x6d, 0x61, 0x6c, 0x69, 0x7a, 0x61, 0x74, 0x69,
    0x6f, 0x6e, 0x5f, 0x34, 0x5f, 0x31, 0x2f, 0x62, 0x61, 0x74, 0x63, 0x68,
    0x6e, 0x6f, 0x72, 0x6d, 0x2f, 0x6d, 0x75, 0x6c, 0x3b, 0x73, 0x65, 0x71,
    0x75, 0x65, 0x6e, 0x74, 0x69, 0x61, 0x6c, 0x5f, 0x31, 0x2f, 0x63, 0x6f,
    0x6e, 0x76, 0x32, 0x64, 0x5f, 0x32, 0x5f, 0x31, 0x2f, 0x63, 0x6f, 0x6e,
    0x76, 0x6f, 0x6c, 0x75, 0x74, 0x69, 0x6f, 0x6e, 0x3b, 0x73, 0x65, 0x71,
    0x75, 0x65, 0x6e, 0x74, 0x69, 0x61, 0x6c, 0x5f, 0x31, 0x2f, 0x62, 0x61,
    0x74, 0x63, 0x68, 0x5f, 0x6e, 0x6f, 0x72, 0x6d, 0x61, 0x6c, 0x69, 0x7a,
    0x61, 0x74, 0x69, 0x6f, 0x6e, 0x5f, 0x34, 0x5f, 0x31, 0x2f, 0x62, 0x61,
    0x74, 0x63, 0x68, 0x6e, 0x6f, 0x72, 0x6d, 0x2f, 0x73, 0x75, 0x62, 0x00,
    0x01, 0x00, 0x00, 0x00, 0x40, 0x00, 0x00, 0x00, 0x1a, 0xfb, 0xff, 0xff,
    0x00, 0x00, 0x00, 0x01, 0x14, 0x00, 0x00, 0x00, 0xa8, 0x01, 0x00, 0x00,
    0x06, 0x00, 0x00, 0x00, 0x00, 0x00, 0x00, 0x09, 0xbc, 0x01, 0x00, 0x00,
    0x64, 0xfa, 0xff, 0xff, 0x08, 0x00, 0x00, 0x00, 0x0c, 0x01, 0x00, 0x00,
    0x20, 0x00, 0x00, 0x00, 0x00, 0x00, 0x00, 0x00, 0x00, 0x00, 0x00, 0x00,
    0x00, 0x00, 0x00, 0x00, 0x00, 0x00, 0x00, 0x00, 0x00, 0x00, 0x00, 0x00,
    0x00, 0x00, 0x00, 0x00, 0x00, 0x00, 0x00, 0x00, 0x00, 0x00, 0x00, 0x00,
    0x00, 0x00, 0x00, 0x00, 0x00, 0x00, 0x00, 0x00, 0x00, 0x00, 0x00, 0x00,
    0x00, 0x00, 0x00, 0x00, 0x00, 0x00, 0x00, 0x00, 0x00, 0x00, 0x00, 0x00,
    0x00, 0x00, 0x00, 0x00, 0x00, 0x00, 0x00, 0x00, 0x00, 0x00, 0x00, 0x00,
    0x00, 0x00, 0x00, 0x00, 0x00, 0x00, 0x00, 0x00, 0x00, 0x00, 0x00, 0x00,
    0x00, 0x00, 0x00, 0x00, 0x00, 0x00, 0x00, 0x00, 0x00, 0x00, 0x00, 0x00,
    0x00, 0x00, 0x00, 0x00, 0x00, 0x00, 0x00, 0x00, 0x00, 0x00, 0x00, 0x00,
    0x00, 0x00, 0x00, 0x00, 0x00, 0x00, 0x00, 0x00, 0x00, 0x00, 0x00, 0x00,
    0x00, 0x00, 0x00, 0x00, 0x00, 0x00, 0x00, 0x00, 0x00, 0x00, 0x00, 0x00,
    0x00, 0x00, 0x00, 0x00, 0x00, 0x00, 0x00, 0x00, 0x00, 0x00, 0x00, 0x00,
    0x00, 0x00, 0x00, 0x00, 0x00, 0x00, 0x00, 0x00, 0x00, 0x00, 0x00, 0x00,
    0x00, 0x00, 0x00, 0x00, 0x00, 0x00, 0x00, 0x00, 0x00, 0x00, 0x00, 0x00,
    0x00, 0x00, 0x00, 0x00, 0x00, 0x00, 0x00, 0x00, 0x00, 0x00, 0x00, 0x00,
    0x00, 0x00, 0x00, 0x00, 0x00, 0x00, 0x00, 0x00, 0x00, 0x00, 0x00, 0x00,
    0x00, 0x00, 0x00, 0x00, 0x00, 0x00, 0x00, 0x00, 0x00, 0x00, 0x00, 0x00,
    0x00, 0x00, 0x00, 0x00, 0x00, 0x00, 0x00, 0x00, 0x00, 0x00, 0x00, 0x00,
    0x00, 0x00, 0x00, 0x00, 0x00, 0x00, 0x00, 0x00, 0x00, 0x00, 0x00, 0x00,
    0x00, 0x00, 0x00, 0x00, 0x00, 0x00, 0x00, 0x00, 0x00, 0x00, 0x00, 0x00,
    0x00, 0x00, 0x00, 0x00, 0x00, 0x00, 0x00, 0x00, 0x00, 0x00, 0x00, 0x00,
    0x00, 0x00, 0x00, 0x00, 0x00, 0x00, 0x00, 0x00, 0x00, 0x00, 0x00, 0x00,
    0x20, 0x00, 0x00, 0x00, 0x81, 0x2e, 0x17, 0x3b, 0x67, 0x77, 0x06, 0x3b,
    0xe5, 0xe2, 0x1d, 0x3b, 0x32, 0x50, 0x16, 0x3b, 0x35, 0x4c, 0x2a, 0x3b,
    0xbc, 0x00, 0x06, 0x3b, 0x6b, 0x28, 0x19, 0x3b, 0xf2, 0x0c, 0x00, 0x3b,
    0x4e, 0x94, 0x04, 0x3b, 0x97, 0x51, 0x13, 0x3b, 0x47, 0x7d, 0x0d, 0x3b,
    0x9c, 0x3a, 0x16, 0x3b, 0xf9, 0xc6, 0x11, 0x3b, 0xbf, 0x56, 0x23, 0x3b,
    0x80, 0x8d, 0x0b, 0x3b, 0xa7, 0x50, 0x22, 0x3b, 0x98, 0x80, 0x18, 0x3b,
    0x46, 0x86, 0x28, 0x3b, 0xc9, 0xca, 0x19, 0x3b, 0x3d, 0xbe, 0x1f, 0x3b,
    0xad, 0xe0, 0x1c, 0x3b, 0x67, 0x00, 0x0e, 0x3b, 0xe2, 0x68, 0x00, 0x3b,
    0x19, 0x94, 0x26, 0x3b, 0x98, 0x77, 0x06, 0x3b, 0x09, 0xff, 0x29, 0x3b,
    0x21, 0x30, 0x0f, 0x3b, 0x7f, 0x99, 0x01, 0x3b, 0xa5, 0xd0, 0x0f, 0x3b,
    0x7d, 0xd1, 0x0e, 0x3b, 0x87, 0xa7, 0x0d, 0x3b, 0xa5, 0xac, 0xfb, 0x3a,
    0x1b, 0x00, 0x00, 0x00, 0x73, 0x65, 0x71, 0x75, 0x65, 0x6e, 0x74, 0x69,
    0x61, 0x6c, 0x5f, 0x31, 0x2f, 0x64, 0x65, 0x6e, 0x73, 0x65, 0x5f, 0x31,
    0x2f, 0x4d, 0x61, 0x74, 0x4d, 0x75, 0x6c, 0x00, 0x02, 0x00, 0x00, 0x00,
    0x20, 0x00, 0x00, 0x00, 0x40, 0x00, 0x00, 0x00, 0xfa, 0xfc, 0xff, 0xff,
    0x00, 0x00, 0x00, 0x01, 0x14, 0x00, 0x00, 0x00, 0xa8, 0x01, 0x00, 0x00,
    0x05, 0x00, 0x00, 0x00, 0x00, 0x00, 0x00, 0x02, 0xd8, 0x01, 0x00, 0x00,
    0x44, 0xfc, 0xff, 0xff, 0x08, 0x00, 0x00, 0x00, 0x0c, 0x01, 0x00, 0x00,
    0x20, 0x00, 0x00, 0x00, 0x00, 0x00, 0x00, 0x00, 0x00, 0x00, 0x00, 0x00,
    0x00, 0x00, 0x00, 0x00, 0x00, 0x00, 0x00, 0x00, 0x00, 0x00, 0x00, 0x00,
    0x00, 0x00, 0x00, 0x00, 0x00, 0x00, 0x00, 0x00, 0x00, 0x00, 0x00, 0x00,
    0x00, 0x00, 0x00, 0x00, 0x00, 0x00, 0x00, 0x00, 0x00, 0x00, 0x00, 0x00,
    0x00, 0x00, 0x00, 0x00, 0x00, 0x00, 0x00, 0x00, 0x00, 0x00, 0x00, 0x00,
    0x00, 0x00, 0x00, 0x00, 0x00, 0x00, 0x00, 0x00, 0x00, 0x00, 0x00, 0x00,
    0x00, 0x00, 0x00, 0x00, 0x00, 0x00, 0x00, 0x00, 0x00, 0x00, 0x00, 0x00,
    0x00, 0x00, 0x00, 0x00, 0x00, 0x00, 0x00, 0x00, 0x00, 0x00, 0x00, 0x00,
    0x00, 0x00, 0x00, 0x00, 0x00, 0x00, 0x00, 0x00, 0x00, 0x00, 0x00, 0x00,
    0x00, 0x00, 0x00, 0x00, 0x00, 0x00, 0x00, 0x00, 0x00, 0x00, 0x00, 0x00,
    0x00, 0x00, 0x00, 0x00, 0x00, 0x00, 0x00, 0x00, 0x00, 0x00, 0x00, 0x00,
    0x00, 0x00, 0x00, 0x00, 0x00, 0x00, 0x00, 0x00, 0x00, 0x00, 0x00, 0x00,
    0x00, 0x00, 0x00, 0x00, 0x00, 0x00, 0x00, 0x00, 0x00, 0x00, 0x00, 0x00,
    0x00, 0x00, 0x00, 0x00, 0x00, 0x00, 0x00, 0x00, 0x00, 0x00, 0x00, 0x00,
    0x00, 0x00, 0x00, 0x00, 0x00, 0x00, 0x00, 0x00, 0x00, 0x00, 0x00, 0x00,
    0x00, 0x00, 0x00, 0x00, 0x00, 0x00, 0x00, 0x00, 0x00, 0x00, 0x00, 0x00,
    0x00, 0x00, 0x00, 0x00, 0x00, 0x00, 0x00, 0x00, 0x00, 0x00, 0x00, 0x00,
    0x00, 0x00, 0x00, 0x00, 0x00, 0x00, 0x00, 0x00, 0x00, 0x00, 0x00, 0x00,
    0x00, 0x00, 0x00, 0x00, 0x00, 0x00, 0x00, 0x00, 0x00, 0x00, 0x00, 0x00,
    0x00, 0x00, 0x00, 0x00, 0x00, 0x00, 0x00, 0x00, 0x00, 0x00, 0x00, 0x00,
    0x00, 0x00, 0x00, 0x00, 0x00, 0x00, 0x00, 0x00, 0x00, 0x00, 0x00, 0x00,
    0x00, 0x00, 0x00, 0x00, 0x00, 0x00, 0x00, 0x00, 0x00, 0x00, 0x00, 0x00,
    0x20, 0x00, 0x00, 0x00, 0x56, 0xe4, 0x96, 0x37, 0x6f, 0x35, 0x86, 0x37,
    0x6f, 0x95, 0x9d, 0x37, 0x74, 0x06, 0x96, 0x37, 0xa9, 0xf8, 0xa9, 0x37,
    0xfe, 0xbe, 0x85, 0x37, 0x47, 0xdd, 0x98, 0x37, 0x3f, 0x9c, 0x7f, 0x37,
    0x43, 0x53, 0x84, 0x37, 0x51, 0x09, 0x93, 0x37, 0xdd, 0x37, 0x8d, 0x37,
    0xe8, 0xf0, 0x95, 0x37, 0x74, 0x7f, 0x91, 0x37, 0x9d, 0x06, 0xa3, 0x37,
    0x09, 0x49, 0x8b, 0x37, 0x05, 0x01, 0xa2, 0x37, 0xc7, 0x35, 0x98, 0x37,
    0x98, 0x33, 0xa8, 0x37, 0x56, 0x7f, 0x99, 0x37, 0xde, 0x6f, 0x9f, 0x37,
    0xb6, 0x93, 0x9c, 0x37, 0xbc, 0xba, 0x8d, 0x37, 0xe3, 0x29, 0x80, 0x37,
    0x60, 0x42, 0xa6, 0x37, 0xa0, 0x35, 0x86, 0x37, 0xa3, 0xab, 0xa9, 0x37,
    0xe1, 0xe9, 0x8e, 0x37, 0xea, 0x59, 0x81, 0x37, 0x17, 0x8a, 0x8f, 0x37,
    0x6c, 0x8b, 0x8e, 0x37, 0x08, 0x62, 0x8d, 0x37, 0x2c, 0x31, 0x7b, 0x37,
    0x36, 0x00, 0x00, 0x00, 0x73, 0x65, 0x71, 0x75, 0x65, 0x6e, 0x74, 0x69,
    0x61, 0x6c, 0x5f, 0x31, 0x2f, 0x64, 0x65, 0x6e, 0x73, 0x65, 0x5f, 0x31,
    0x2f, 0x52, 0x65, 0x6c, 0x75, 0x3b, 0x73, 0x65, 0x71, 0x75, 0x65, 0x6e,
    0x74, 0x69, 0x61, 0x6c, 0x5f, 0x31, 0x2f, 0x64, 0x65, 0x6e, 0x73, 0x65,
    0x5f, 0x31, 0x2f, 0x42, 0x69, 0x61, 0x73, 0x41, 0x64, 0x64, 0x00, 0x00,
    0x01, 0x00, 0x00, 0x00, 0x20, 0x00, 0x00, 0x00, 0xf2, 0xfe, 0xff, 0xff,
    0x00, 0x00, 0x00, 0x01, 0x14, 0x00, 0x00, 0x00, 0x4c, 0x00, 0x00, 0x00,
    0x04, 0x00, 0x00, 0x00, 0x00, 0x00, 0x00, 0x09, 0x64, 0x00, 0x00, 0x00,
    0x3c, 0xfe, 0xff, 0xff, 0x08, 0x00, 0x00, 0x00, 0x24, 0x00, 0x00, 0x00,
    0x03, 0x00, 0x00, 0x00, 0x00, 0x00, 0x00, 0x00, 0x00, 0x00, 0x00, 0x00,
    0x00, 0x00, 0x00, 0x00, 0x00, 0x00, 0x00, 0x00, 0x00, 0x00, 0x00, 0x00,
    0x00, 0x00, 0x00, 0x00, 0x00, 0x00, 0x00, 0x00, 0x03, 0x00, 0x00, 0x00,
    0x92, 0xa6, 0x86, 0x3b, 0x20, 0x31, 0x88, 0x3b, 0xd1, 0x4c, 0x72, 0x3b,
    0x1d, 0x00, 0x00, 0x00, 0x73, 0x65, 0x71, 0x75, 0x65, 0x6e, 0x74, 0x69,
    0x61, 0x6c, 0x5f, 0x31, 0x2f, 0x64, 0x65, 0x6e, 0x73, 0x65, 0x5f, 0x31,
    0x5f, 0x32, 0x2f, 0x4d, 0x61, 0x74, 0x4d, 0x75, 0x6c, 0x00, 0x00, 0x00,
    0x02, 0x00, 0x00, 0x00, 0x03, 0x00, 0x00, 0x00, 0x20, 0x00, 0x00, 0x00,
    0x7a, 0xff, 0xff, 0xff, 0x00, 0x00, 0x00, 0x01, 0x14, 0x00, 0x00, 0x00,
    0x4c, 0x00, 0x00, 0x00, 0x03, 0x00, 0x00, 0x00, 0x00, 0x00, 0x00, 0x02,
    0x64, 0x00, 0x00, 0x00, 0xc4, 0xfe, 0xff, 0xff, 0x08, 0x00, 0x00, 0x00,
    0x24, 0x00, 0x00, 0x00, 0x03, 0x00, 0x00, 0x00, 0x00, 0x00, 0x00, 0x00,
    0x00, 0x00, 0x00, 0x00, 0x00, 0x00, 0x00, 0x00, 0x00, 0x00, 0x00, 0x00,
    0x00, 0x00, 0x00, 0x00, 0x00, 0x00, 0x00, 0x00, 0x00, 0x00, 0x00, 0x00,
    0x03, 0x00, 0x00, 0x00, 0x98, 0x19, 0x82, 0x38, 0xd0, 0x96, 0x83, 0x38,
    0x79, 0x1c, 0x6a, 0x38, 0x1e, 0x00, 0x00, 0x00, 0x73, 0x65, 0x71, 0x75,
    0x65, 0x6e, 0x74, 0x69, 0x61, 0x6c, 0x5f, 0x31, 0x2f, 0x64, 0x65, 0x6e,
    0x73, 0x65, 0x5f, 0x31, 0x5f, 0x32, 0x2f, 0x42, 0x69, 0x61, 0x73, 0x41,
    0x64, 0x64, 0x00, 0x00, 0x01, 0x00, 0x00, 0x00, 0x03, 0x00, 0x00, 0x00,
    0x00, 0x00, 0x16, 0x00, 0x1c, 0x00, 0x18, 0x00, 0x17, 0x00, 0x10, 0x00,
    0x0c, 0x00, 0x08, 0x00, 0x00, 0x00, 0x00, 0x00, 0x00, 0x00, 0x07, 0x00,
    0x16, 0x00, 0x00, 0x00, 0x00, 0x00, 0x00, 0x01, 0x18, 0x00, 0x00, 0x00,
    0x18, 0x00, 0x00, 0x00, 0x02, 0x00, 0x00, 0x00, 0x00, 0x00, 0x00, 0x02,
    0x50, 0x00, 0x00, 0x00, 0x04, 0x00, 0x04, 0x00, 0x04, 0x00, 0x00, 0x00,
    0x3e, 0x00, 0x00, 0x00, 0x73, 0x65, 0x71, 0x75, 0x65, 0x6e, 0x74, 0x69,
    0x61, 0x6c, 0x5f, 0x31, 0x2f, 0x67, 0x6c, 0x6f, 0x62, 0x61, 0x6c, 0x5f,
    0x61, 0x76, 0x65, 0x72, 0x61, 0x67, 0x65, 0x5f, 0x70, 0x6f, 0x6f, 0x6c,
    0x69, 0x6e, 0x67, 0x32, 0x64, 0x5f, 0x31, 0x2f, 0x4d, 0x65, 0x61, 0x6e,
    0x2f, 0x72, 0x65, 0x64, 0x75, 0x63, 0x74, 0x69, 0x6f, 0x6e, 0x5f, 0x69,
    0x6e, 0x64, 0x69, 0x63, 0x65, 0x73, 0x00, 0x00, 0x01, 0x00, 0x00, 0x00,
    0x02, 0x00, 0x00, 0x00, 0x00, 0x00, 0x16, 0x00, 0x20, 0x00, 0x1c, 0x00,
    0x1b, 0x00, 0x14, 0x00, 0x10, 0x00, 0x0c, 0x00, 0x00, 0x00, 0x00, 0x00,
    0x08, 0x00, 0x07, 0x00, 0x16, 0x00, 0x00, 0x00, 0x00, 0x00, 0x00, 0x01,
    0x18, 0x00, 0x00, 0x00, 0x34, 0x00, 0x00, 0x00, 0x50, 0x00, 0x00, 0x00,
    0x01, 0x00, 0x00, 0x00, 0x00, 0x00, 0x00, 0x09, 0x68, 0x00, 0x00, 0x00,
    0x04, 0x00, 0x00, 0x00, 0xff, 0xff, 0xff, 0xff, 0x0d, 0x00, 0x00, 0x00,
    0x3f, 0x00, 0x00, 0x00, 0x01, 0x00, 0x00, 0x00, 0x0c, 0x00, 0x0c, 0x00,
    0x00, 0x00, 0x00, 0x00, 0x08, 0x00, 0x04, 0x00, 0x0c, 0x00, 0x00, 0x00,
    0x08, 0x00, 0x00, 0x00, 0x10, 0x00, 0x00, 0x00, 0x01, 0x00, 0x00, 0x00,
    0x00, 0x00, 0x00, 0x00, 0x00, 0x00, 0x00, 0x00, 0x01, 0x00, 0x00, 0x00,
    0x13, 0xcd, 0x5a, 0x3d, 0x1d, 0x00, 0x00, 0x00, 0x73, 0x65, 0x72, 0x76,
    0x69, 0x6e, 0x67, 0x5f, 0x64, 0x65, 0x66, 0x61, 0x75, 0x6c, 0x74, 0x5f,
    0x69, 0x6e, 0x70, 0x75, 0x74, 0x5f, 0x6c, 0x61, 0x79, 0x65, 0x72, 0x3a,
    0x30, 0x00, 0x00, 0x00, 0x04, 0x00, 0x00, 0x00, 0x01, 0x00, 0x00, 0x00,
    0x0d, 0x00, 0x00, 0x00, 0x3f, 0x00, 0x00, 0x00, 0x01, 0x00, 0x00, 0x00,
    0x06, 0x00, 0x00, 0x00, 0x74, 0x00, 0x00, 0x00, 0x54, 0x00, 0x00, 0x00,
    0x40, 0x00, 0x00, 0x00, 0x2c, 0x00, 0x00, 0x00, 0x18, 0x00, 0x00, 0x00,
    0x04, 0x00, 0x00, 0x00, 0xb0, 0xff, 0xff, 0xff, 0x19, 0x00, 0x00, 0x00,
    0x02, 0x00, 0x00, 0x00, 0x00, 0x00, 0x00, 0x19, 0xc0, 0xff, 0xff, 0xff,
    0x09, 0x00, 0x00, 0x00, 0x04, 0x00, 0x00, 0x00, 0x00, 0x00, 0x00, 0x09,
    0xd0, 0xff, 0xff, 0xff, 0x28, 0x00, 0x00, 0x00, 0x02, 0x00, 0x00, 0x00,
    0x00, 0x00, 0x00, 0x28, 0xe0, 0xff, 0xff, 0xff, 0x04, 0x00, 0x00, 0x00,
    0x03, 0x00, 0x00, 0x00, 0x00, 0x00, 0x00, 0x04, 0xf0, 0xff, 0xff, 0xff,
    0x11, 0x00, 0x00, 0x00, 0x02, 0x00, 0x00, 0x00, 0x00, 0x00, 0x00, 0x11,
    0x0c, 0x00, 0x10, 0x00, 0x0f, 0x00, 0x00, 0x00, 0x08, 0x00, 0x04, 0x00,
    0x0c, 0x00, 0x00, 0x00, 0x03, 0x00, 0x00, 0x00, 0x03, 0x00, 0x00, 0x00,
    0x00, 0x00, 0x00, 0x03,
};

const unsigned int kws_model_len = 19600;

#endif
